"State ID","State","Resources Categories ID","Resources Categories","Total","Population","Per 1000 inhabitants"
1,"Aguascalientes",18,"Médicos generales, especialistas y odontólogos",795,1092345,0.7277920437224503
2,"Baja California",18,"Médicos generales, especialistas y odontólogos",539,2877276,0.18732996069893884
3,"Baja California Sur",18,"Médicos generales, especialistas y odontólogos",259,523505,0.49474217056188574
4,"Campeche",18,"Médicos generales, especialistas y odontólogos",532,778680,0.6832074793239842
5,"Coahuila de Zaragoza",18,"Médicos generales, especialistas y odontólogos",573,2567167,0.22320324310806425
6,"Colima",18,"Médicos generales, especialistas y odontólogos",402,583006,0.6895297818547322
7,"Chiapas",18,"Médicos generales, especialistas y odontólogos",1351,4440529,0.3042430305037981
8,"Chihuahua",18,"Médicos generales, especialistas y odontólogos",824,3309479,0.24898178837212745
9,"Ciudad de México",18,"Médicos generales, especialistas y odontólogos",7346,8977190,0.8182961483493165
10,"Durango",18,"Médicos generales, especialistas y odontólogos",758,1564271,0.484570768108595
11,"Guanajuato",18,"Médicos generales, especialistas y odontólogos",1485,5054708,0.29378551639382533
12,"Guerrero",18,"Médicos generales, especialistas y odontólogos",1910,3243372,0.5888932876031489
13,"Hidalgo",18,"Médicos generales, especialistas y odontólogos",1201,2425682,0.4951184862648937
14,"Jalisco",18,"Médicos generales, especialistas y odontólogos",2507,6938752,0.36130416535999554
15,"Estado de México",18,"Médicos generales, especialistas y odontólogos",3245,14393627,0.22544699817495617
16,"Michoacán de Ocampo",18,"Médicos generales, especialistas y odontólogos",1389,4119076,0.3372115493863187
17,"Morelos",18,"Médicos generales, especialistas y odontólogos",834,1655361,0.5038175962826236
18,"Nayarit",18,"Médicos generales, especialistas y odontólogos",583,984695,0.5920615012770453
19,"Nuevo León",18,"Médicos generales, especialistas y odontólogos",825,4318376,0.19104404063008873
20,"Oaxaca",18,"Médicos generales, especialistas y odontólogos",1084,3654837,0.2965932543640113
21,"Puebla",18,"Médicos generales, especialistas y odontólogos",1574,5571786,0.28249469739146477
22,"Querétaro",18,"Médicos generales, especialistas y odontólogos",685,1641708,0.41724837790886077
23,"Quintana Roo",18,"Médicos generales, especialistas y odontólogos",512,1123401,0.45575889642255973
24,"San Luis Potosí",18,"Médicos generales, especialistas y odontólogos",872,2492556,0.34984168861201115
25,"Sinaloa",18,"Médicos generales, especialistas y odontólogos",1049,2687038,0.3903926926228806
26,"Sonora",18,"Médicos generales, especialistas y odontólogos",837,2461139,0.3400864396525349
27,"Tabasco",18,"Médicos generales, especialistas y odontólogos",1819,2062531,0.8819261383222846
28,"Tamaulipas",18,"Médicos generales, especialistas y odontólogos",1333,3094907,0.4307076109233654
29,"Tlaxcala",18,"Médicos generales, especialistas y odontólogos",688,1102517,0.6240266589993623
30,"Veracruz de Ignacio de la Llave",18,"Médicos generales, especialistas y odontólogos",2937,7347572,0.39972388157611793
31,"Yucatán",18,"Médicos generales, especialistas y odontólogos",632,1863537,0.3391400331734761
32,"Zacatecas",18,"Médicos generales, especialistas y odontólogos",544,1420322,0.3830117395914448