"State ID","State","Resources Categories ID","Resources Categories","Total","Population","Per 1000 inhabitants"
1,"Aguascalientes",18,"Médicos generales, especialistas y odontólogos",559,1042583,0.5361683434316501
2,"Baja California",18,"Médicos generales, especialistas y odontólogos",502,2724975,0.18422187359517062
3,"Baja California Sur",18,"Médicos generales, especialistas y odontólogos",260,487357,0.5334898236816134
4,"Campeche",18,"Médicos generales, especialistas y odontólogos",437,748463,0.583863196978341
5,"Coahuila de Zaragoza",18,"Médicos generales, especialistas y odontólogos",580,2478582,0.23400476562808895
6,"Colima",18,"Médicos generales, especialistas y odontólogos",308,567352,0.5428728549471933
7,"Chiapas",18,"Médicos generales, especialistas y odontólogos",1212,4261966,0.28437580215327857
8,"Chihuahua",18,"Médicos generales, especialistas y odontólogos",836,3223858,0.2593166324323218
9,"Ciudad de México",18,"Médicos generales, especialistas y odontólogos",6545,8878329,0.7371882704504418
10,"Durango",18,"Médicos generales, especialistas y odontólogos",657,1530089,0.42938678730452934
11,"Guanajuato",18,"Médicos generales, especialistas y odontólogos",1263,4938881,0.2557259427793462
12,"Guerrero",18,"Médicos generales, especialistas y odontólogos",1642,3205860,0.5121870574510429
13,"Hidalgo",18,"Médicos generales, especialistas y odontólogos",914,2370185,0.3856239069946017
14,"Jalisco",18,"Médicos generales, especialistas y odontólogos",2033,6750512,0.3011623414638771
15,"Estado de México",18,"Médicos generales, especialistas y odontólogos",2747,13968235,0.19666049432873947
16,"Michoacán de Ocampo",18,"Médicos generales, especialistas y odontólogos",1203,4098402,0.2935290388790558
17,"Morelos",18,"Médicos generales, especialistas y odontólogos",671,1621823,0.41373195472008967
18,"Nayarit",18,"Médicos generales, especialistas y odontólogos",454,964864,0.4705326346511011
19,"Nuevo León",18,"Médicos generales, especialistas y odontólogos",815,4155370,0.19613175240712621
20,"Oaxaca",18,"Médicos generales, especialistas y odontólogos",1054,3604885,0.29238103295944257
21,"Puebla",18,"Médicos generales, especialistas y odontólogos",1225,5427999,0.22568169227739357
22,"Querétaro",18,"Médicos generales, especialistas y odontólogos",626,1561709,0.40084292272119837
23,"Quintana Roo",18,"Médicos generales, especialistas y odontólogos",523,1032090,0.5067387534032884
24,"San Luis Potosí",18,"Médicos generales, especialistas y odontólogos",753,2437891,0.3088735304408605
25,"Sinaloa",18,"Médicos generales, especialistas y odontólogos",776,2644900,0.29339483534349126
26,"Sonora",18,"Médicos generales, especialistas y odontólogos",793,2381092,0.33304047050680946
27,"Tabasco",18,"Médicos generales, especialistas y odontólogos",1509,2010219,0.7506644798402562
28,"Tamaulipas",18,"Médicos generales, especialistas y odontólogos",1141,2979915,0.3828968275940757
29,"Tlaxcala",18,"Médicos generales, especialistas y odontólogos",597,1059014,0.5637319242238535
30,"Veracruz de Ignacio de la Llave",18,"Médicos generales, especialistas y odontólogos",2568,7226669,0.3553504387706148
31,"Yucatán",18,"Médicos generales, especialistas y odontólogos",533,1798634,0.2963359972067691
32,"Zacatecas",18,"Médicos generales, especialistas y odontólogos",501,1405196,0.35653389278079356