"State ID","State","Resources Categories ID","Resources Categories","Total","Population","Per 1000 inhabitants"
1,"Aguascalientes",18,"Médicos generales, especialistas y odontólogos",886,1161188,0.7630116742508535
2,"Baja California",18,"Médicos generales, especialistas y odontólogos",681,3069155,0.2218851768646419
3,"Baja California Sur",18,"Médicos generales, especialistas y odontólogos",307,595876,0.5152078620384106
4,"Campeche",18,"Médicos generales, especialistas y odontólogos",625,814707,0.7671469620366586
5,"Coahuila de Zaragoza",18,"Médicos generales, especialistas y odontólogos",824,2705559,0.30455813382742714
6,"Colima",18,"Médicos generales, especialistas y odontólogos",488,628547,0.7763938098503375
7,"Chiapas",18,"Médicos generales, especialistas y odontólogos",1751,4733412,0.36992342944159523
8,"Chihuahua",18,"Médicos generales, especialistas y odontólogos",1051,3401622,0.3089702500748172
9,"Ciudad de México",18,"Médicos generales, especialistas y odontólogos",7488,9022695,0.8299072505498635
10,"Durango",18,"Médicos generales, especialistas y odontólogos",936,1627873,0.574983429297003
11,"Guanajuato",18,"Médicos generales, especialistas y odontólogos",2323,5365249,0.4329715172585653
12,"Guerrero",18,"Médicos generales, especialistas y odontólogos",2182,3374388,0.6466357751390771
13,"Hidalgo",18,"Médicos generales, especialistas y odontólogos",1564,2593655,0.6030100379580168
14,"Jalisco",18,"Médicos generales, especialistas y odontólogos",3178,7274893,0.4368449130454565
15,"Estado de México",18,"Médicos generales, especialistas y odontólogos",4810,15069100,0.31919623600613173
16,"Michoacán de Ocampo",18,"Médicos generales, especialistas y odontólogos",1915,4304908,0.4448410976494736
17,"Morelos",18,"Médicos generales, especialistas y odontólogos",977,1745308,0.5597865820817873
18,"Nayarit",18,"Médicos generales, especialistas y odontólogos",709,1053890,0.672745732476824
19,"Nuevo León",18,"Médicos generales, especialistas y odontólogos",940,4570821,0.20565233248031373
20,"Oaxaca",18,"Médicos generales, especialistas y odontólogos",1757,3793004,0.46322123572767127
21,"Puebla",18,"Médicos generales, especialistas y odontólogos",2253,5785129,0.38944680403842336
22,"Querétaro",18,"Médicos generales, especialistas y odontólogos",861,1772795,0.4856737524643289
23,"Quintana Roo",18,"Médicos generales, especialistas y odontólogos",576,1253759,0.45941843687662465
24,"San Luis Potosí",18,"Médicos generales, especialistas y odontólogos",1102,2579739,0.4271749971605655
25,"Sinaloa",18,"Médicos generales, especialistas y odontólogos",1325,2767220,0.47881989867086827
26,"Sonora",18,"Médicos generales, especialistas y odontólogos",1017,2604014,0.39055089565570694
27,"Tabasco",18,"Médicos generales, especialistas y odontólogos",2498,2187500,1.1419428571428571
28,"Tamaulipas",18,"Médicos generales, especialistas y odontólogos",1590,3231820,0.4919828455792712
29,"Tlaxcala",18,"Médicos generales, especialistas y odontólogos",964,1159255,0.8315685504914794
30,"Veracruz de Ignacio de la Llave",18,"Médicos generales, especialistas y odontólogos",4188,7611301,0.5502344474354647
31,"Yucatán",18,"Médicos generales, especialistas y odontólogos",714,1938800,0.36826903239116976
32,"Zacatecas",18,"Médicos generales, especialistas y odontólogos",758,1478733,0.5126009901719918