"State ID","State","Resources Categories ID","Resources Categories","Total","Population","Per 1000 inhabitants"
1,"Aguascalientes",18,"Médicos generales, especialistas y odontólogos",930,1265972,0.7346134037719634
2,"Baja California",18,"Médicos generales, especialistas y odontólogos",1039,3280221,0.3167469508914186
3,"Baja California Sur",18,"Médicos generales, especialistas y odontólogos",450,681803,0.6600146963272382
4,"Campeche",18,"Médicos generales, especialistas y odontólogos",662,872482,0.7587549084107179
5,"Coahuila de Zaragoza",18,"Médicos generales, especialistas y odontólogos",1065,2895110,0.3678616701956057
6,"Colima",18,"Médicos generales, especialistas y odontólogos",564,690163,0.8171982560641472
7,"Chiapas",18,"Médicos generales, especialistas y odontólogos",2605,5129764,0.5078206326840766
8,"Chihuahua",18,"Médicos generales, especialistas y odontólogos",1532,3530461,0.4339376642313851
9,"Ciudad de México",18,"Médicos generales, especialistas y odontólogos",9577,9102171,1.0521665655369472
10,"Durango",18,"Médicos generales, especialistas y odontólogos",1146,1724700,0.6644633849365107
11,"Guanajuato",18,"Médicos generales, especialistas y odontólogos",3240,5768956,0.5616267484099376
12,"Guerrero",18,"Médicos generales, especialistas y odontólogos",2608,3544755,0.7357349097469359
13,"Hidalgo",18,"Médicos generales, especialistas y odontólogos",1950,2810048,0.6939383241852096
14,"Jalisco",18,"Médicos generales, especialistas y odontólogos",3711,7743685,0.4792292041837962
15,"Estado de México",18,"Médicos generales, especialistas y odontólogos",7175,15989161,0.44874149431605576
16,"Michoacán de Ocampo",18,"Médicos generales, especialistas y odontólogos",2759,4558445,0.6052502552953912
17,"Morelos",18,"Médicos generales, especialistas y odontólogos",1125,1868737,0.6020108768649628
18,"Nayarit",18,"Médicos generales, especialistas y odontólogos",912,1146453,0.7954970679129454
19,"Nuevo León",18,"Médicos generales, especialistas y odontólogos",1092,4957369,0.22027813543837468
20,"Oaxaca",18,"Médicos generales, especialistas y odontólogos",2767,3971033,0.6967960225966393
21,"Puebla",18,"Médicos generales, especialistas y odontólogos",2740,6102708,0.44898100974190475
22,"Querétaro",18,"Médicos generales, especialistas y odontólogos",1165,1961944,0.5937988036355778
23,"Quintana Roo",18,"Médicos generales, especialistas y odontólogos",945,1425358,0.662991332703784
24,"San Luis Potosí",18,"Médicos generales, especialistas y odontólogos",1290,2703397,0.4771774178931174
25,"Sinaloa",18,"Médicos generales, especialistas y odontólogos",1810,2912630,0.621431489753247
26,"Sonora",18,"Médicos generales, especialistas y odontólogos",1152,2791136,0.4127351730621511
27,"Tabasco",18,"Médicos generales, especialistas y odontólogos",2592,2351726,1.1021692152912372
28,"Tamaulipas",18,"Médicos generales, especialistas y odontólogos",2090,3402841,0.6141926701835319
29,"Tlaxcala",18,"Médicos generales, especialistas y odontólogos",1272,1243812,1.0226625888799916
30,"Veracruz de Ignacio de la Llave",18,"Médicos generales, especialistas y odontólogos",4582,8011048,0.5719601230700403
31,"Yucatán",18,"Médicos generales, especialistas y odontólogos",896,2057996,0.43537499586976847
32,"Zacatecas",18,"Médicos generales, especialistas y odontólogos",1049,1564429,0.6705321877822515