"State ID","State","Resources Categories ID","Resources Categories","Total","Population","Per 1000 inhabitants"
1,"Aguascalientes",18,"Médicos generales, especialistas y odontólogos",776,1115306,0.6957731779439903
2,"Baja California",18,"Médicos generales, especialistas y odontólogos",567,2943650,0.1926180082550575
3,"Baja California Sur",18,"Médicos generales, especialistas y odontólogos",298,545300,0.5464881716486338
4,"Campeche",18,"Médicos generales, especialistas y odontólogos",638,791621,0.8059412269255111
5,"Coahuila de Zaragoza",18,"Médicos generales, especialistas y odontólogos",674,2611380,0.25810108065467297
6,"Colima",18,"Médicos generales, especialistas y odontólogos",437,595479,0.7338629909702945
7,"Chiapas",18,"Médicos generales, especialistas y odontólogos",1530,4533772,0.33746734507160925
8,"Chihuahua",18,"Médicos generales, especialistas y odontólogos",829,3343356,0.24795445055806203
9,"Ciudad de México",18,"Médicos generales, especialistas y odontólogos",7518,9001741,0.8351717739934974
10,"Durango",18,"Médicos generales, especialistas y odontólogos",817,1583660,0.5158935630122627
11,"Guanajuato",18,"Médicos generales, especialistas y odontólogos",2098,5139975,0.40817319150384973
12,"Guerrero",18,"Médicos generales, especialistas y odontólogos",1969,3277472,0.6007679089249275
13,"Hidalgo",18,"Médicos generales, especialistas y odontólogos",1345,2471362,0.5442343129011452
14,"Jalisco",18,"Médicos generales, especialistas y odontólogos",2579,7041613,0.3662513120218336
15,"Estado de México",18,"Médicos generales, especialistas y odontólogos",3183,14610633,0.2178550374922154
16,"Michoacán de Ocampo",18,"Médicos generales, especialistas y odontólogos",1555,4162425,0.37358030475023574
17,"Morelos",18,"Médicos generales, especialistas y odontólogos",877,1680439,0.5218874353665917
18,"Nayarit",18,"Médicos generales, especialistas y odontólogos",675,1003180,0.6728603042325405
19,"Nuevo León",18,"Médicos generales, especialistas y odontólogos",856,4399069,0.19458662730682333
20,"Oaxaca",18,"Médicos generales, especialistas y odontólogos",1268,3693175,0.3433360184664956
21,"Puebla",18,"Médicos generales, especialistas y odontólogos",1821,5641184,0.322804574358858
22,"Querétaro",18,"Médicos generales, especialistas y odontólogos",817,1683397,0.48532817867680644
23,"Quintana Roo",18,"Médicos generales, especialistas y odontólogos",515,1167197,0.4412280017854741
24,"San Luis Potosí",18,"Médicos generales, especialistas y odontólogos",923,2520160,0.36624658751825284
25,"Sinaloa",18,"Médicos generales, especialistas y odontólogos",1174,2711230,0.4330137981654083
26,"Sonora",18,"Médicos generales, especialistas y odontólogos",898,2505114,0.3584667204765931
27,"Tabasco",18,"Médicos generales, especialistas y odontólogos",2009,2098221,0.9574777871349109
28,"Tamaulipas",18,"Médicos generales, especialistas y odontólogos",1400,3143235,0.44540099610751344
29,"Tlaxcala",18,"Médicos generales, especialistas y odontólogos",688,1121917,0.6132360950052455
30,"Veracruz de Ignacio de la Llave",18,"Médicos generales, especialistas y odontólogos",3614,7423894,0.4868065195973973
31,"Yucatán",18,"Médicos generales, especialistas y odontólogos",667,1890146,0.3528827931810558
32,"Zacatecas",18,"Médicos generales, especialistas y odontólogos",558,1435343,0.3887572517509752