"State ID","State","Resources Categories ID","Resources Categories","Total","Population","Per 1000 inhabitants"
1,"Aguascalientes",18,"Médicos generales, especialistas y odontólogos",1046,1472645,0.7102865931707913
2,"Baja California",18,"Médicos generales, especialistas y odontólogos",1128,3889925,0.2899798839309241
3,"Baja California Sur",18,"Médicos generales, especialistas y odontólogos",565,831832,0.6792236893988208
4,"Campeche",18,"Médicos generales, especialistas y odontólogos",906,941684,0.9621061842401485
5,"Coahuila de Zaragoza",18,"Médicos generales, especialistas y odontólogos",1373,3232850,0.4247026617380949
6,"Colima",18,"Médicos generales, especialistas y odontólogos",677,748315,0.9046992242571644
7,"Chiapas",18,"Médicos generales, especialistas y odontólogos",4435,5785553,0.7665645790471541
8,"Chihuahua",18,"Médicos generales, especialistas y odontólogos",2038,3851891,0.529090776452397
9,"Ciudad de México",18,"Médicos generales, especialistas y odontólogos",11301,9272649,1.2187455817641755
10,"Durango",18,"Médicos generales, especialistas y odontólogos",1356,1870186,0.7250615714158912
11,"Guanajuato",18,"Médicos generales, especialistas y odontólogos",4538,6308964,0.7192940077007889
12,"Guerrero",18,"Médicos generales, especialistas y odontólogos",4440,3598332,1.2339050426697702
13,"Hidalgo",18,"Médicos generales, especialistas y odontólogos",2569,3157947,0.8135032031886539
14,"Jalisco",18,"Médicos generales, especialistas y odontólogos",4141,8573447,0.4830029275272828
15,"Estado de México",18,"Médicos generales, especialistas y odontólogos",8352,17291050,0.4830244548480283
16,"Michoacán de Ocampo",18,"Médicos generales, especialistas y odontólogos",3213,4862597,0.6607580270378154
17,"Morelos",18,"Médicos generales, especialistas y odontólogos",1317,2008274,0.6557870091431748
18,"Nayarit",18,"Médicos generales, especialistas y odontólogos",1252,1264932,0.9897765255365506
19,"Nuevo León",18,"Médicos generales, especialistas y odontólogos",1387,5996906,0.23128593311284185
20,"Oaxaca",18,"Médicos generales, especialistas y odontólogos",3222,4221338,0.7632651069400271
21,"Puebla",18,"Médicos generales, especialistas y odontólogos",4021,6758650,0.5949412974484549
22,"Querétaro",18,"Médicos generales, especialistas y odontólogos",1565,2462684,0.6354855109303508
23,"Quintana Roo",18,"Médicos generales, especialistas y odontólogos",1243,1936713,0.6418090858067251
24,"San Luis Potosí",18,"Médicos generales, especialistas y odontólogos",1364,2885794,0.4726602106733883
25,"Sinaloa",18,"Médicos generales, especialistas y odontólogos",2070,3096923,0.6684053817288967
26,"Sonora",18,"Médicos generales, especialistas y odontólogos",1710,3024147,0.5654487033864425
27,"Tabasco",18,"Médicos generales, especialistas y odontólogos",3184,2441753,1.3039811971153512
28,"Tamaulipas",18,"Médicos generales, especialistas y odontólogos",2419,3621934,0.6678752290903147
29,"Tlaxcala",18,"Médicos generales, especialistas y odontólogos",1347,1380635,0.9756380216349723
30,"Veracruz de Ignacio de la Llave",18,"Médicos generales, especialistas y odontólogos",5478,8146184,0.6724621000458619
31,"Yucatán",18,"Médicos generales, especialistas y odontólogos",1742,2390802,0.7286257916799468
32,"Zacatecas",18,"Médicos generales, especialistas y odontólogos",1419,1655403,0.8571930822887237