"State ID","State","Resources Categories ID","Resources Categories","Total","Population","Per 1000 inhabitants"
1,"Aguascalientes",18,"Médicos generales, especialistas y odontólogos",926,1238120,0.7479081187607017
2,"Baja California",18,"Médicos generales, especialistas y odontólogos",928,3241111,0.2863215730655322
3,"Baja California Sur",18,"Médicos generales, especialistas y odontólogos",427,665112,0.6419971373242401
4,"Campeche",18,"Médicos generales, especialistas y odontólogos",686,855626,0.8017521674189424
5,"Coahuila de Zaragoza",18,"Médicos generales, especialistas y odontólogos",1052,2850340,0.369078776567006
6,"Colima",18,"Médicos generales, especialistas y odontólogos",526,676799,0.7771879095566039
7,"Chiapas",18,"Médicos generales, especialistas y odontólogos",2395,5036751,0.47550494356381723
8,"Chihuahua",18,"Médicos generales, especialistas y odontólogos",1649,3496283,0.4716437427977083
9,"Ciudad de México",18,"Médicos generales, especialistas y odontólogos",9416,9074286,1.037657398058646
10,"Durango",18,"Médicos generales, especialistas y odontólogos",1100,1699319,0.6473181315574063
11,"Guanajuato",18,"Médicos generales, especialistas y odontólogos",3252,5687318,0.5717985173327745
12,"Guerrero",18,"Médicos generales, especialistas y odontólogos",2442,3510911,0.6955459708320717
13,"Hidalgo",18,"Médicos generales, especialistas y odontólogos",1866,2765973,0.6746269757513902
14,"Jalisco",18,"Médicos generales, especialistas y odontólogos",3571,7633543,0.4678037446045696
15,"Estado de México",18,"Médicos generales, especialistas y odontólogos",6781,15759356,0.43028408013626956
16,"Michoacán de Ocampo",18,"Médicos generales, especialistas y odontólogos",2970,4507636,0.6588819505390409
17,"Morelos",18,"Médicos generales, especialistas y odontólogos",1151,1840796,0.6252729797326809
18,"Nayarit",18,"Médicos generales, especialistas y odontólogos",858,1126347,0.7617545925012451
19,"Nuevo León",18,"Médicos generales, especialistas y odontólogos",1082,4854677,0.22287785572551994
20,"Oaxaca",18,"Médicos generales, especialistas y odontólogos",2586,3933805,0.6573787973730268
21,"Puebla",18,"Médicos generales, especialistas y odontólogos",2569,6019204,0.4268006201484449
22,"Querétaro",18,"Médicos generales, especialistas y odontólogos",1026,1914820,0.5358205993252629
23,"Quintana Roo",18,"Médicos generales, especialistas y odontólogos",902,1385266,0.6511384817067625
24,"San Luis Potosí",18,"Médicos generales, especialistas y odontólogos",1821,2673000,0.6812570145903479
25,"Sinaloa",18,"Médicos generales, especialistas y odontólogos",1710,2869487,0.5959253343890389
26,"Sonora",18,"Médicos generales, especialistas y odontólogos",1154,2749205,0.41975771177485854
27,"Tabasco",18,"Médicos generales, especialistas y odontólogos",2562,2316139,1.1061512284020951
28,"Tamaulipas",18,"Médicos generales, especialistas y odontólogos",1986,3363767,0.590409502203928
29,"Tlaxcala",18,"Médicos generales, especialistas y odontólogos",1248,1221016,1.0220996285060966
30,"Veracruz de Ignacio de la Llave",18,"Médicos generales, especialistas y odontólogos",4345,7910343,0.549280859249719
31,"Yucatán",18,"Médicos generales, especialistas y odontólogos",907,2025293,0.4478364365057303
32,"Zacatecas",18,"Médicos generales, especialistas y odontólogos",1049,1544531,0.6791705702248773