"State ID","State","Resources Categories ID","Resources Categories","Total","Population","Per 1000 inhabitants"
1,"Aguascalientes",18,"Médicos generales, especialistas y odontólogos",847,1137704,0.7444818687461765
2,"Baja California",18,"Médicos generales, especialistas y odontólogos",628,3004841,0.2089960833202156
3,"Baja California Sur",18,"Médicos generales, especialistas y odontólogos",291,570116,0.5104224403454736
4,"Campeche",18,"Médicos generales, especialistas y odontólogos",635,802962,0.7908219816130775
5,"Coahuila de Zaragoza",18,"Médicos generales, especialistas y odontólogos",813,2657245,0.3059559807243969
6,"Colima",18,"Médicos generales, especialistas y odontólogos",437,611647,0.714464388773263
7,"Chiapas",18,"Médicos generales, especialistas y odontólogos",1747,4631540,0.37719635369661064
8,"Chihuahua",18,"Médicos generales, especialistas y odontólogos",1003,3371690,0.2974769329327429
9,"Ciudad de México",18,"Médicos generales, especialistas y odontólogos",7526,9011907,0.8351173619523593
10,"Durango",18,"Médicos generales, especialistas y odontólogos",929,1605283,0.57871415818893
11,"Guanajuato",18,"Médicos generales, especialistas y odontólogos",2158,5249308,0.411101806180929
12,"Guerrero",18,"Médicos generales, especialistas y odontólogos",2087,3324510,0.6277616851806733
13,"Hidalgo",18,"Médicos generales, especialistas y odontólogos",1419,2531045,0.5606379973489212
14,"Jalisco",18,"Médicos generales, especialistas y odontólogos",2917,7154781,0.4076994110651325
15,"Estado de México",18,"Médicos generales, especialistas y odontólogos",3781,14835566,0.2548605156014944
16,"Michoacán de Ocampo",18,"Médicos generales, especialistas y odontólogos",1760,4231339,0.4159439836893239
17,"Morelos",18,"Médicos generales, especialistas y odontólogos",891,1712141,0.5204010650991946
18,"Nayarit",18,"Médicos generales, especialistas y odontólogos",686,1027998,0.6673164733783529
19,"Nuevo León",18,"Médicos generales, especialistas y odontólogos",930,4482940,0.20745314458814973
20,"Oaxaca",18,"Médicos generales, especialistas y odontólogos",1466,3741849,0.39178491702898754
21,"Puebla",18,"Médicos generales, especialistas y odontólogos",2065,5711504,0.3615510030282742
22,"Querétaro",18,"Médicos generales, especialistas y odontólogos",815,1727097,0.47189011387316404
23,"Quintana Roo",18,"Médicos generales, especialistas y odontólogos",576,1209520,0.47622197235266883
24,"San Luis Potosí",18,"Médicos generales, especialistas y odontólogos",1048,2549125,0.4111214632471927
25,"Sinaloa",18,"Médicos generales, especialistas y odontólogos",1280,2738399,0.4674264049906533
26,"Sonora",18,"Médicos generales, especialistas y odontólogos",936,2553416,0.36656776647440137
27,"Tabasco",18,"Médicos generales, especialistas y odontólogos",2465,2141902,1.1508463038925216
28,"Tamaulipas",18,"Médicos generales, especialistas y odontólogos",1427,3186486,0.447828736733819
29,"Tlaxcala",18,"Médicos generales, especialistas y odontólogos",746,1140157,0.6542958557461823
30,"Veracruz de Ignacio de la Llave",18,"Médicos generales, especialistas y odontólogos",4044,7514814,0.538137071656065
31,"Yucatán",18,"Médicos generales, especialistas y odontólogos",689,1913489,0.3600752342971399
32,"Zacatecas",18,"Médicos generales, especialistas y odontólogos",809,1456344,0.5555006234790681