"State ID","State","Resources Categories ID","Resources Categories","Total","Population","Per 1000 inhabitants"
1,"Aguascalientes",18,"Médicos generales, especialistas y odontólogos",993,1389971,0.7144033940276452
2,"Baja California",18,"Médicos generales, especialistas y odontólogos",1078,3581745,0.3009706162778199
3,"Baja California Sur",18,"Médicos generales, especialistas y odontólogos",496,763394,0.64973002145681
4,"Campeche",18,"Médicos generales, especialistas y odontólogos",775,927991,0.83513740973781
5,"Coahuila de Zaragoza",18,"Médicos generales, especialistas y odontólogos",1104,3089757,0.3573096525066535
6,"Colima",18,"Médicos generales, especialistas y odontólogos",622,732464,0.8491884925402478
7,"Chiapas",18,"Médicos generales, especialistas y odontólogos",4154,5517445,0.7528847138485295
8,"Chihuahua",18,"Médicos generales, especialistas y odontólogos",1848,3695619,0.5000515475215384
9,"Ciudad de México",18,"Médicos generales, especialistas y odontólogos",10342,9246758,1.118446054281944
10,"Durango",18,"Médicos generales, especialistas y odontólogos",1225,1820182,0.6730096221147116
11,"Guanajuato",18,"Médicos generales, especialistas y odontólogos",4032,6098836,0.6611097593048904
12,"Guerrero",18,"Médicos generales, especialistas y odontólogos",4135,3616519,1.1433646553495225
13,"Hidalgo",18,"Médicos generales, especialistas y odontólogos",2211,3012171,0.734022072452062
14,"Jalisco",18,"Médicos generales, especialistas y odontólogos",4219,8229023,0.5126975583857282
15,"Estado de México",18,"Médicos generales, especialistas y odontólogos",8485,16870063,0.502961962856926
16,"Michoacán de Ocampo",18,"Médicos generales, especialistas y odontólogos",2967,4740170,0.6259269182328904
17,"Morelos",18,"Médicos generales, especialistas y odontólogos",1296,1967810,0.6586001697318339
18,"Nayarit",18,"Médicos generales, especialistas y odontólogos",955,1219657,0.7830070257457629
19,"Nuevo León",18,"Médicos generales, especialistas y odontólogos",1323,5523593,0.23951800938266088
20,"Oaxaca",18,"Médicos generales, especialistas y odontólogos",3229,4122860,0.7831941904406164
21,"Puebla",18,"Médicos generales, especialistas y odontólogos",3801,6482027,0.5863906460124279
22,"Querétaro",18,"Médicos generales, especialistas y odontólogos",1352,2233603,0.6053000466063128
23,"Quintana Roo",18,"Médicos generales, especialistas y odontólogos",1054,1693802,0.6222687185397113
24,"San Luis Potosí",18,"Médicos generales, especialistas y odontólogos",1404,2818687,0.4981042591816686
25,"Sinaloa",18,"Médicos generales, especialistas y odontólogos",2086,3043381,0.6854219041257076
26,"Sonora",18,"Médicos generales, especialistas y odontólogos",1517,2940352,0.515924623990597
27,"Tabasco",18,"Médicos generales, especialistas y odontólogos",2621,2445081,1.0719481276898393
28,"Tamaulipas",18,"Médicos generales, especialistas y odontólogos",2441,3537686,0.6899990558800301
29,"Tlaxcala",18,"Médicos generales, especialistas y odontólogos",1317,1331896,0.9888159435871869
30,"Veracruz de Ignacio de la Llave",18,"Médicos generales, especialistas y odontólogos",5084,8218904,0.6185739607130099
31,"Yucatán",18,"Médicos generales, especialistas y odontólogos",1437,2238955,0.6418172763633033
32,"Zacatecas",18,"Médicos generales, especialistas y odontólogos",1372,1626770,0.8433890470072598