"State ID","State","Resources Categories ID","Resources Categories","Total","Population","Per 1000 inhabitants"
1,"Aguascalientes",18,"Médicos generales, especialistas y odontólogos",899,1185148,0.7585550496646832
2,"Baja California",18,"Médicos generales, especialistas y odontólogos",819,3134914,0.2612511858379528
3,"Baja California Sur",18,"Médicos generales, especialistas y odontólogos",368,622177,0.591471558736501
4,"Campeche",18,"Médicos generales, especialistas y odontólogos",693,826542,0.8384328927023672
5,"Coahuila de Zaragoza",18,"Médicos generales, especialistas y odontólogos",950,2754694,0.3448658907305131
6,"Colima",18,"Médicos generales, especialistas y odontólogos",504,645717,0.7805276924720892
7,"Chiapas",18,"Médicos generales, especialistas y odontólogos",1979,4837038,0.40913468118298846
8,"Chihuahua",18,"Médicos generales, especialistas y odontólogos",1056,3431265,0.30775821745041554
9,"Ciudad de México",18,"Médicos generales, especialistas y odontólogos",8090,9029228,0.8959791468329297
10,"Durango",18,"Médicos generales, especialistas y odontólogos",1008,1650564,0.6107003424284063
11,"Guanajuato",18,"Médicos generales, especialistas y odontólogos",2727,5483751,0.49728734948031017
12,"Guerrero",18,"Médicos generales, especialistas y odontólogos",2437,3425068,0.7115187202122703
13,"Hidalgo",18,"Médicos generales, especialistas y odontólogos",1660,2657268,0.6247017613579059
14,"Jalisco",18,"Médicos generales, especialistas y odontólogos",3866,7397049,0.5226408531294033
15,"Estado de México",18,"Médicos generales, especialistas y odontólogos",5369,15302954,0.35084729392769526
16,"Michoacán de Ocampo",18,"Médicos generales, especialistas y odontólogos",2057,4379564,0.4696814568756159
17,"Morelos",18,"Médicos generales, especialistas y odontólogos",1027,1778809,0.577352599407806
18,"Nayarit",18,"Médicos generales, especialistas y odontólogos",810,1080077,0.7499465315898775
19,"Nuevo León",18,"Médicos generales, especialistas y odontólogos",929,4660113,0.19935138911867586
20,"Oaxaca",18,"Médicos generales, especialistas y odontólogos",1968,3844376,0.5119166283422849
21,"Puebla",18,"Médicos generales, especialistas y odontólogos",2370,5858990,0.4045065787789363
22,"Querétaro",18,"Médicos generales, especialistas y odontólogos",854,1819485,0.4693635836514179
23,"Quintana Roo",18,"Médicos generales, especialistas y odontólogos",627,1299264,0.4825809073444658
24,"San Luis Potosí",18,"Médicos generales, especialistas y odontólogos",1107,2610684,0.4240268067678815
25,"Sinaloa",18,"Médicos generales, especialistas y odontólogos",1451,2795841,0.5189851640347216
26,"Sonora",18,"Médicos generales, especialistas y odontólogos",1081,2655268,0.40711521398216677
27,"Tabasco",18,"Médicos generales, especialistas y odontólogos",2516,2233846,1.1263086175143677
28,"Tamaulipas",18,"Médicos generales, especialistas y odontólogos",1753,3277533,0.5348535010936579
29,"Tlaxcala",18,"Médicos generales, especialistas y odontólogos",1122,1178644,0.951941383488144
30,"Veracruz de Ignacio de la Llave",18,"Médicos generales, especialistas y odontólogos",4303,7708162,0.558239435030037
31,"Yucatán",18,"Médicos generales, especialistas y odontólogos",735,1964816,0.37408082996066805
32,"Zacatecas",18,"Médicos generales, especialistas y odontólogos",1034,1501369,0.6887047754416137