"State ID","State","Resources Categories ID","Resources Categories","Total","Population","Per 1000 inhabitants"
1,"Aguascalientes",18,"Médicos generales, especialistas y odontólogos",788,1067693,0.7380398672652158
2,"Baja California",18,"Médicos generales, especialistas y odontólogos",539,2802054,0.1923588910135208
3,"Baja California Sur",18,"Médicos generales, especialistas y odontólogos",274,505004,0.5425699598419023
4,"Campeche",18,"Médicos generales, especialistas y odontólogos",494,763707,0.6468449287488526
5,"Coahuila de Zaragoza",18,"Médicos generales, especialistas y odontólogos",588,2523006,0.23305533161633385
6,"Colima",18,"Médicos generales, especialistas y odontólogos",312,574696,0.5428957222601167
7,"Chiapas",18,"Médicos generales, especialistas y odontólogos",1209,4350768,0.27788197394115244
8,"Chihuahua",18,"Médicos generales, especialistas y odontólogos",865,3267587,0.264721337182453
9,"Ciudad de México",18,"Médicos generales, especialistas y odontólogos",6944,8931633,0.7774614115918108
10,"Durango",18,"Médicos generales, especialistas y odontólogos",718,1547023,0.4641172109270515
11,"Guanajuato",18,"Médicos generales, especialistas y odontólogos",1483,4994568,0.2969225766873131
12,"Guerrero",18,"Médicos generales, especialistas y odontólogos",1873,3223509,0.5810438252227619
13,"Hidalgo",18,"Médicos generales, especialistas y odontólogos",1192,2396022,0.49749125842751024
14,"Jalisco",18,"Médicos generales, especialistas y odontólogos",2468,6843769,0.36062000339286726
15,"Estado de México",18,"Médicos generales, especialistas y odontólogos",2767,14180907,0.1951215109160507
16,"Michoacán de Ocampo",18,"Médicos generales, especialistas y odontólogos",1385,4105412,0.3373595634250594
17,"Morelos",18,"Médicos generales, especialistas y odontólogos",768,1637754,0.4689348949842284
18,"Nayarit",18,"Médicos generales, especialistas y odontólogos",470,973836,0.4826274649941058
19,"Nuevo León",18,"Médicos generales, especialistas y odontólogos",807,4237502,0.19044238799179328
20,"Oaxaca",18,"Médicos generales, especialistas y odontólogos",1084,3628605,0.2987373935713587
21,"Puebla",18,"Médicos generales, especialistas y odontólogos",1348,5500489,0.24506912021822058
22,"Querétaro",18,"Médicos generales, especialistas y odontólogos",627,1601443,0.39152189618987376
23,"Quintana Roo",18,"Médicos generales, especialistas y odontólogos",512,1077416,0.475211060537434
24,"San Luis Potosí",18,"Médicos generales, especialistas y odontólogos",815,2465380,0.33057784195539835
25,"Sinaloa",18,"Médicos generales, especialistas y odontólogos",1043,2665663,0.39127226509877655
26,"Sonora",18,"Médicos generales, especialistas y odontólogos",803,2420811,0.33170701884616355
27,"Tabasco",18,"Médicos generales, especialistas y odontólogos",1703,2035566,0.8366223448416804
28,"Tamaulipas",18,"Médicos generales, especialistas y odontólogos",1264,3038381,0.4160110269251947
29,"Tlaxcala",18,"Médicos generales, especialistas y odontólogos",688,1081005,0.6364447898020824
30,"Veracruz de Ignacio de la Llave",18,"Médicos generales, especialistas y odontólogos",2937,7285698,0.40311854814734294
31,"Yucatán",18,"Médicos generales, especialistas y odontólogos",666,1831630,0.36361055453339375
32,"Zacatecas",18,"Médicos generales, especialistas y odontólogos",555,1412044,0.3930472421539272