"State ID","State","Resources Categories ID","Resources Categories","Total","Population","Per 1000 inhabitants"
1,"Aguascalientes",18,"Médicos generales, especialistas y odontólogos",996,1344649,0.7407137476025342
2,"Baja California",18,"Médicos generales, especialistas y odontólogos",1087,3406162,0.31912751067036743
3,"Baja California Sur",18,"Médicos generales, especialistas y odontólogos",501,730405,0.6859208247479138
4,"Campeche",18,"Médicos generales, especialistas y odontólogos",757,917075,0.8254504811493062
5,"Coahuila de Zaragoza",18,"Médicos generales, especialistas y odontólogos",1006,3017320,0.3334084551853963
6,"Colima",18,"Médicos generales, especialistas y odontólogos",594,724011,0.8204295238608252
7,"Chiapas",18,"Médicos generales, especialistas y odontólogos",3504,5386294,0.6505400559271365
8,"Chihuahua",18,"Médicos generales, especialistas y odontólogos",1762,3621545,0.4865326814936719
9,"Ciudad de México",18,"Médicos generales, especialistas y odontólogos",10593,9152227,1.1574232151366
10,"Durango",18,"Médicos generales, especialistas y odontólogos",1188,1791588,0.6630988821090563
11,"Guanajuato",18,"Médicos generales, especialistas y odontólogos",3705,5985087,0.6190386204912309
12,"Guerrero",18,"Médicos generales, especialistas y odontólogos",3818,3620740,1.0544805757938984
13,"Hidalgo",18,"Médicos generales, especialistas y odontólogos",2119,2931124,0.7229308620174377
14,"Jalisco",18,"Médicos generales, especialistas y odontólogos",4262,8040214,0.5300853932494831
15,"Estado de México",18,"Médicos generales, especialistas y odontólogos",8363,16594825,0.5039522863302265
16,"Michoacán de Ocampo",18,"Médicos generales, especialistas y odontólogos",2980,4683987,0.6362101346566504
17,"Morelos",18,"Médicos generales, especialistas y odontólogos",1407,1941580,0.7246675388085992
18,"Nayarit",18,"Médicos generales, especialistas y odontólogos",909,1198804,0.758255728209115
19,"Nuevo León",18,"Médicos generales, especialistas y odontólogos",1252,5266220,0.23774168188947672
20,"Oaxaca",18,"Médicos generales, especialistas y odontólogos",3063,4067038,0.7531279520869979
21,"Puebla",18,"Médicos generales, especialistas y odontólogos",3650,6333894,0.5762647748762452
22,"Querétaro",18,"Médicos generales, especialistas y odontólogos",1263,2106659,0.5995274982804526
23,"Quintana Roo",18,"Médicos generales, especialistas y odontólogos",984,1555088,0.6327616186350868
24,"San Luis Potosí",18,"Médicos generales, especialistas y odontólogos",1316,2781703,0.47309148388595046
25,"Sinaloa",18,"Médicos generales, especialistas y odontólogos",1938,3019576,0.6418119630040774
26,"Sonora",18,"Médicos generales, especialistas y odontólogos",1639,2899261,0.5653164720251126
27,"Tabasco",18,"Médicos generales, especialistas y odontólogos",2566,2440488,1.051429058450605
28,"Tamaulipas",18,"Médicos generales, especialistas y odontólogos",2402,3500156,0.6862551269143433
29,"Tlaxcala",18,"Médicos generales, especialistas y odontólogos",1338,1305544,1.0248601349322581
30,"Veracruz de Ignacio de la Llave",18,"Médicos generales, especialistas y odontólogos",4982,8237896,0.6047660713366617
31,"Yucatán",18,"Médicos generales, especialistas y odontólogos",1384,2154214,0.6424617052901894
32,"Zacatecas",18,"Médicos generales, especialistas y odontólogos",1283,1613116,0.7953550767582741