"State ID","State","Resources Categories ID","Resources Categories","Total","Population","Per 1000 inhabitants"
1,"Aguascalientes",18,"Médicos generales, especialistas y odontólogos",929,1210556,0.7674159642346161
2,"Baja California",18,"Médicos generales, especialistas y odontólogos",819,3194264,0.25639709178702824
3,"Baja California Sur",18,"Médicos generales, especialistas y odontólogos",385,646019,0.5959577040303767
4,"Campeche",18,"Médicos generales, especialistas y odontólogos",795,839767,0.9466911655256756
5,"Coahuila de Zaragoza",18,"Médicos generales, especialistas y odontólogos",1086,2803245,0.38740816446653786
6,"Colima",18,"Médicos generales, especialistas y odontólogos",514,662102,0.7763154317612694
7,"Chiapas",18,"Médicos generales, especialistas y odontólogos",2031,4939084,0.4112098518672693
8,"Chihuahua",18,"Médicos generales, especialistas y odontólogos",1244,3461968,0.35933318852167323
9,"Ciudad de México",18,"Médicos generales, especialistas y odontólogos",8587,9044151,0.9494534091701918
10,"Durango",18,"Médicos generales, especialistas y odontólogos",1054,1674025,0.6296202266991233
11,"Guanajuato",18,"Médicos generales, especialistas y odontólogos",3083,5594014,0.5511248273601032
12,"Guerrero",18,"Médicos generales, especialistas y odontólogos",2411,3471744,0.6944636470891863
13,"Hidalgo",18,"Médicos generales, especialistas y odontólogos",1769,2716134,0.6512933456154961
14,"Jalisco",18,"Médicos generales, especialistas y odontólogos",3422,7517154,0.4552254749603374
15,"Estado de México",18,"Médicos generales, especialistas y odontólogos",5966,15529760,0.38416562780107355
16,"Michoacán de Ocampo",18,"Médicos generales, especialistas y odontólogos",2156,4448775,0.4846277907963428
17,"Morelos",18,"Médicos generales, especialistas y odontólogos",1090,1810968,0.6018880510312716
18,"Nayarit",18,"Médicos generales, especialistas y odontólogos",814,1104566,0.736941024800691
19,"Nuevo León",18,"Médicos generales, especialistas y odontólogos",1025,4753609,0.21562564358995448
20,"Oaxaca",18,"Médicos generales, especialistas y odontólogos",2448,3892000,0.6289825282631037
21,"Puebla",18,"Médicos generales, especialistas y odontólogos",2519,5935838,0.42437141983996196
22,"Querétaro",18,"Médicos generales, especialistas y odontólogos",820,1866962,0.4392162240045593
23,"Quintana Roo",18,"Médicos generales, especialistas y odontólogos",685,1343587,0.5098292853384261
24,"San Luis Potosí",18,"Médicos generales, especialistas y odontólogos",1037,2641607,0.3925640717941768
25,"Sinaloa",18,"Médicos generales, especialistas y odontólogos",1459,2828513,0.5158187358516648
26,"Sonora",18,"Médicos generales, especialistas y odontólogos",1129,2704187,0.4175007127835464
27,"Tabasco",18,"Médicos generales, especialistas y odontólogos",2562,2277499,1.1249181668136847
28,"Tamaulipas",18,"Médicos generales, especialistas y odontólogos",1807,3321762,0.5439884013363991
29,"Tlaxcala",18,"Médicos generales, especialistas y odontólogos",926,1198840,0.7724133328884589
30,"Veracruz de Ignacio de la Llave",18,"Médicos generales, especialistas y odontólogos",4315,7806880,0.5527176029348472
31,"Yucatán",18,"Médicos generales, especialistas y odontólogos",863,1993112,0.43299122176776816
32,"Zacatecas",18,"Médicos generales, especialistas y odontólogos",1071,1523367,0.7030479195098752