"State ID","State","Resources Categories ID","Resources Categories","Total","Population","Per 1000 inhabitants"
1,"Aguascalientes",18,"Médicos generales, especialistas y odontólogos",1060,1491126,0.7108721865221316
2,"Baja California",18,"Médicos generales, especialistas y odontólogos",1201,3948201,0.3041891737528054
3,"Baja California Sur",18,"Médicos generales, especialistas y odontólogos",513,849224,0.6040809020941471
4,"Campeche",18,"Médicos generales, especialistas y odontólogos",936,945445,0.9900099952932218
5,"Coahuila de Zaragoza",18,"Médicos generales, especialistas y odontólogos",1260,3273658,0.3848905414065856
6,"Colima",18,"Médicos generales, especialistas y odontólogos",654,752247,0.8693952917060487
7,"Chiapas",18,"Médicos generales, especialistas y odontólogos",4482,5862882,0.7644704430346713
8,"Chihuahua",18,"Médicos generales, especialistas y odontólogos",1866,3898274,0.4786733821173165
9,"Ciudad de México",18,"Médicos generales, especialistas y odontólogos",10937,9237644,1.1839598928038362
10,"Durango",18,"Médicos generales, especialistas y odontólogos",1351,1884286,0.7169824538313185
11,"Guanajuato",18,"Médicos generales, especialistas y odontólogos",4519,6360814,0.710443663342459
12,"Guerrero",18,"Médicos generales, especialistas y odontólogos",4464,3599951,1.240016878007506
13,"Hidalgo",18,"Médicos generales, especialistas y odontólogos",2478,3190331,0.7767219138076895
14,"Jalisco",18,"Médicos generales, especialistas y odontólogos",4317,8647986,0.49919137241896555
15,"Estado de México",18,"Médicos generales, especialistas y odontólogos",7874,17379644,0.4530587623083649
16,"Michoacán de Ocampo",18,"Médicos generales, especialistas y odontólogos",3250,4901506,0.6630615161952265
17,"Morelos",18,"Médicos generales, especialistas y odontólogos",1353,2017078,0.6707722755391711
18,"Nayarit",18,"Médicos generales, especialistas y odontólogos",1219,1278605,0.953382788273157
19,"Nuevo León",18,"Médicos generales, especialistas y odontólogos",1252,6095498,0.2053974917225795
20,"Oaxaca",18,"Médicos generales, especialistas y odontólogos",3427,4244538,0.8073905805531721
21,"Puebla",18,"Médicos generales, especialistas y odontólogos",3919,6824785,0.5742305435262796
22,"Querétaro",18,"Médicos generales, especialistas y odontólogos",1502,2508214,0.5988324760167992
23,"Quintana Roo",18,"Médicos generales, especialistas y odontólogos",1113,1977161,0.5629283604117217
24,"San Luis Potosí",18,"Médicos generales, especialistas y odontólogos",1209,2905759,0.4160702935102326
25,"Sinaloa",18,"Médicos generales, especialistas y odontólogos",2113,3118470,0.6775758625223267
26,"Sonora",18,"Médicos generales, especialistas y odontólogos",1763,3051188,0.5778077260398244
27,"Tabasco",18,"Médicos generales, especialistas y odontólogos",3383,2447193,1.3824001621449555
28,"Tamaulipas",18,"Médicos generales, especialistas y odontólogos",2341,3652671,0.6409008640526344
29,"Tlaxcala",18,"Médicos generales, especialistas y odontólogos",1442,1395020,1.033676936531376
30,"Veracruz de Ignacio de la Llave",18,"Médicos generales, especialistas y odontólogos",5313,8133233,0.6532457634006058
31,"Yucatán",18,"Médicos generales, especialistas y odontólogos",1606,2420401,0.6635264156641812
32,"Zacatecas",18,"Médicos generales, especialistas y odontólogos",1443,1667567,0.8653325473579172