"State ID","State","Resources Categories ID","Resources Categories","Total","Population","Per 1000 inhabitants"
1,"Aguascalientes",18,"Médicos generales, especialistas y odontólogos",963,1413003,0.6815272154411561
2,"Baja California",18,"Médicos generales, especialistas y odontólogos",1015,3674434,0.276233019833803
3,"Baja California Sur",18,"Médicos generales, especialistas y odontólogos",488,780416,0.6253075282926028
4,"Campeche",18,"Médicos generales, especialistas y odontólogos",842,932320,0.9031233911103483
5,"Coahuila de Zaragoza",18,"Médicos generales, especialistas y odontólogos",1111,3126107,0.35539410519217673
6,"Colima",18,"Médicos generales, especialistas y odontólogos",649,736743,0.8809041959000629
7,"Chiapas",18,"Médicos generales, especialistas y odontólogos",3858,5582946,0.691033013752954
8,"Chihuahua",18,"Médicos generales, especialistas y odontólogos",1880,3735414,0.5032909337492444
9,"Ciudad de México",18,"Médicos generales, especialistas y odontólogos",10304,9296268,1.1084017801552193
10,"Durango",18,"Médicos generales, especialistas y odontólogos",1272,1833514,0.6937498159272304
11,"Guanajuato",18,"Médicos generales, especialistas y odontólogos",4150,6156841,0.6740469666181083
12,"Guerrero",18,"Médicos generales, especialistas y odontólogos",4477,3611193,1.2397565015217962
13,"Hidalgo",18,"Médicos generales, especialistas y odontólogos",2257,3053548,0.7391401739877677
14,"Jalisco",18,"Médicos generales, especialistas y odontólogos",4217,8325605,0.5065097371302145
15,"Estado de México",18,"Médicos generales, especialistas y odontólogos",8427,17005733,0.4955387691903666
16,"Michoacán de Ocampo",18,"Médicos generales, especialistas y odontólogos",2917,4769382,0.611609638313727
17,"Morelos",18,"Médicos generales, especialistas y odontólogos",1328,1980405,0.6705699086802952
18,"Nayarit",18,"Médicos generales, especialistas y odontólogos",1058,1230058,0.8601220430256133
19,"Nuevo León",18,"Médicos generales, especialistas y odontólogos",1279,5657159,0.2260852134437091
20,"Oaxaca",18,"Médicos generales, especialistas y odontólogos",3278,4151349,0.7896228430806468
21,"Puebla",18,"Médicos generales, especialistas y odontólogos",3832,6558654,0.5842662229170803
22,"Querétaro",18,"Médicos generales, especialistas y odontólogos",1407,2298993,0.6120070831011665
23,"Quintana Roo",18,"Médicos generales, especialistas y odontólogos",1125,1767057,0.6366517888217529
24,"San Luis Potosí",18,"Médicos generales, especialistas y odontólogos",1448,2837201,0.5103621491744856
25,"Sinaloa",18,"Médicos generales, especialistas y odontólogos",2003,3055044,0.6556370382881556
26,"Sonora",18,"Médicos generales, especialistas y odontólogos",1548,2960783,0.5228346690723367
27,"Tabasco",18,"Médicos generales, especialistas y odontólogos",2646,2444325,1.0825074407044888
28,"Tamaulipas",18,"Médicos generales, especialistas y odontólogos",2484,3556359,0.6984671682470751
29,"Tlaxcala",18,"Médicos generales, especialistas y odontólogos",1317,1345021,0.9791668680265958
30,"Veracruz de Ignacio de la Llave",18,"Médicos generales, especialistas y odontólogos",5020,8203798,0.611911702360297
31,"Yucatán",18,"Médicos generales, especialistas y odontólogos",1442,2282762,0.6316909077687468
32,"Zacatecas",18,"Médicos generales, especialistas y odontólogos",1431,1633390,0.8760920539491487