"State ID","State","Resources Categories ID","Resources Categories","Total","Population","Per 1000 inhabitants"
1,"Aguascalientes",18,"Médicos generales, especialistas y odontólogos",1075,1456050,0.7382988221558325
2,"Baja California",18,"Médicos generales, especialistas y odontólogos",1126,3838619,0.29333466019941024
3,"Baja California Sur",18,"Médicos generales, especialistas y odontólogos",569,815098,0.6980755688273067
4,"Campeche",18,"Médicos generales, especialistas y odontólogos",905,939179,0.9636075764044979
5,"Coahuila de Zaragoza",18,"Médicos generales, especialistas y odontólogos",1256,3197122,0.3928533224568847
6,"Colima",18,"Médicos generales, especialistas y odontólogos",726,745122,0.9743370884231038
7,"Chiapas",18,"Médicos generales, especialistas y odontólogos",4317,5715260,0.7553462134706033
8,"Chihuahua",18,"Médicos generales, especialistas y odontólogos",2011,3812627,0.5274578394372174
9,"Ciudad de México",18,"Médicos generales, especialistas y odontólogos",10411,9332593,1.1155527729538832
10,"Durango",18,"Médicos generales, especialistas y odontólogos",1299,1858155,0.6990805395674742
11,"Guanajuato",18,"Médicos generales, especialistas y odontólogos",4575,6265796,0.7301546363782032
12,"Guerrero",18,"Médicos generales, especialistas y odontólogos",4395,3599955,1.2208485939407576
13,"Hidalgo",18,"Médicos generales, especialistas y odontólogos",2673,3130166,0.8539483209516683
14,"Jalisco",18,"Médicos generales, especialistas y odontólogos",4302,8507662,0.5056618375295115
15,"Estado de México",18,"Médicos generales, especialistas y odontólogos",8610,17236788,0.49951301831872624
16,"Michoacán de Ocampo",18,"Médicos generales, especialistas y odontólogos",3228,4830267,0.6682860388462998
17,"Morelos",18,"Médicos generales, especialistas y odontólogos",1359,2002754,0.6785656151479412
18,"Nayarit",18,"Médicos generales, especialistas y odontólogos",1133,1252690,0.904453615818758
19,"Nuevo León",18,"Médicos generales, especialistas y odontólogos",1413,5905971,0.2392493969238928
20,"Oaxaca",18,"Médicos generales, especialistas y odontólogos",3452,4204445,0.8210358323155613
21,"Puebla",18,"Médicos generales, especialistas y odontólogos",3410,6705217,0.5085592308198228
22,"Querétaro",18,"Médicos generales, especialistas y odontólogos",1446,2419819,0.5975653550947406
23,"Quintana Roo",18,"Médicos generales, especialistas y odontólogos",1267,1898241,0.6674600327355694
24,"San Luis Potosí",18,"Médicos generales, especialistas y odontólogos",1365,2871697,0.4753286993718348
25,"Sinaloa",18,"Médicos generales, especialistas y odontólogos",2083,3079773,0.6763485490651421
26,"Sonora",18,"Médicos generales, especialistas y odontólogos",1642,3002286,0.5469165828971657
27,"Tabasco",18,"Médicos generales, especialistas y odontólogos",2941,2440449,1.2051061095724598
28,"Tamaulipas",18,"Médicos generales, especialistas y odontólogos",2431,3595971,0.6760343729134634
29,"Tlaxcala",18,"Médicos generales, especialistas y odontólogos",1345,1369950,0.9817876564838133
30,"Veracruz de Ignacio de la Llave",18,"Médicos generales, especialistas y odontólogos",5521,8169287,0.6758239733773584
31,"Yucatán",18,"Médicos generales, especialistas y odontólogos",1811,2363123,0.7663587549188088
32,"Zacatecas",18,"Médicos generales, especialistas y odontólogos",1446,1647038,0.8779396710944131