"State ID","State","Resources Categories ID","Resources Categories","Total","Population","Per 1000 inhabitants"
1,"Aguascalientes",18,"Médicos generales, especialistas y odontólogos",783,1017397,0.7696110761089329
2,"Baja California",18,"Médicos generales, especialistas y odontólogos",753,2647676,0.2844003571433967
3,"Baja California Sur",18,"Médicos generales, especialistas y odontólogos",370,469791,0.7875842661949676
4,"Campeche",18,"Médicos generales, especialistas y odontólogos",531,733163,0.7242591347353863
5,"Coahuila de Zaragoza",18,"Médicos generales, especialistas y odontólogos",773,2433494,0.31765025925685453
6,"Colima",18,"Médicos generales, especialistas y odontólogos",441,559938,0.7875871971539706
7,"Chiapas",18,"Médicos generales, especialistas y odontólogos",1561,4171911,0.374169055859533
8,"Chihuahua",18,"Médicos generales, especialistas y odontólogos",1139,3178885,0.3583017315819855
9,"Ciudad de México",18,"Médicos generales, especialistas y odontólogos",9769,8819709,1.1076329162334042
10,"Durango",18,"Médicos generales, especialistas y odontólogos",920,1512519,0.6082568218977745
11,"Guanajuato",18,"Médicos generales, especialistas y odontólogos",1950,4880536,0.39954627934308856
12,"Guerrero",18,"Médicos generales, especialistas y odontólogos",2281,3185825,0.7159840857548673
13,"Hidalgo",18,"Médicos generales, especialistas y odontólogos",1336,2343675,0.570044908103726
14,"Jalisco",18,"Médicos generales, especialistas y odontólogos",3840,6655208,0.5769917333913531
15,"Estado de México",18,"Médicos generales, especialistas y odontólogos",4177,13750201,0.3037773775088815
16,"Michoacán de Ocampo",18,"Médicos generales, especialistas y odontólogos",1930,4089365,0.4719559149158855
17,"Morelos",18,"Médicos generales, especialistas y odontólogos",882,1605470,0.5493718350389605
18,"Nayarit",18,"Médicos generales, especialistas y odontólogos",685,955503,0.7168998946104826
19,"Nuevo León",18,"Médicos generales, especialistas y odontólogos",1423,4072154,0.34944650914479164
20,"Oaxaca",18,"Médicos generales, especialistas y odontólogos",1594,3578713,0.4454115208456224
21,"Puebla",18,"Médicos generales, especialistas y odontólogos",1898,5353996,0.35450157228358037
22,"Querétaro",18,"Médicos generales, especialistas y odontólogos",951,1521700,0.624958927515279
23,"Quintana Roo",18,"Médicos generales, especialistas y odontólogos",616,987376,0.6238758082027516
24,"San Luis Potosí",18,"Médicos generales, especialistas y odontólogos",1054,2409515,0.4374324293478148
25,"Sinaloa",18,"Médicos generales, especialistas y odontólogos",1134,2623034,0.43232378993181175
26,"Sonora",18,"Médicos generales, especialistas y odontólogos",1244,2340664,0.5314731204478729
27,"Tabasco",18,"Médicos generales, especialistas y odontólogos",2015,1984067,1.0155907033381435
28,"Tamaulipas",18,"Médicos generales, especialistas y odontólogos",1679,2920972,0.5748086595831798
29,"Tlaxcala",18,"Médicos generales, especialistas y odontólogos",793,1036757,0.7648851177276835
30,"Veracruz de Ignacio de la Llave",18,"Médicos generales, especialistas y odontólogos",3378,7165167,0.4714474903376293
31,"Yucatán",18,"Médicos generales, especialistas y odontólogos",781,1765258,0.44242824561622157
32,"Zacatecas",18,"Médicos generales, especialistas y odontólogos",693,1397635,0.49583761139353266