"State ID","State","Resources Categories ID","Resources Categories","Total","Population","Per 1000 inhabitants"
1,"Aguascalientes",18,"Médicos generales, especialistas y odontólogos",955,1293332,0.7384028230956939
2,"Baja California",18,"Médicos generales, especialistas y odontólogos",1037,3316849,0.31264612890125537
3,"Baja California Sur",18,"Médicos generales, especialistas y odontólogos",434,698209,0.6215903833952299
4,"Campeche",18,"Médicos generales, especialistas y odontólogos",716,889136,0.8052761332349607
5,"Coahuila de Zaragoza",18,"Médicos generales, especialistas y odontólogos",1091,2938067,0.3713325802304712
6,"Colima",18,"Médicos generales, especialistas y odontólogos",572,702992,0.8136650203700753
7,"Chiapas",18,"Médicos generales, especialistas y odontólogos",3192,5220498,0.6114359204811496
8,"Chihuahua",18,"Médicos generales, especialistas y odontólogos",1629,3561862,0.45734506277896225
9,"Ciudad de México",18,"Médicos generales, especialistas y odontólogos",9653,9121489,1.0582702012796374
10,"Durango",18,"Médicos generales, especialistas y odontólogos",1119,1749082,0.639764173434979
11,"Guanajuato",18,"Médicos generales, especialistas y odontólogos",3299,5846464,0.5642726954275268
12,"Guerrero",18,"Médicos generales, especialistas y odontólogos",2752,3576309,0.7695084513111143
13,"Hidalgo",18,"Médicos generales, especialistas y odontólogos",1978,2852032,0.6935406054350022
14,"Jalisco",18,"Médicos generales, especialistas y odontólogos",3892,7847959,0.4959251188748565
15,"Estado de México",18,"Médicos generales, especialistas y odontólogos",7574,16209259,0.46726380274385154
16,"Michoacán de Ocampo",18,"Médicos generales, especialistas y odontólogos",2838,4605304,0.616245963350085
17,"Morelos",18,"Médicos generales, especialistas y odontólogos",1269,1895682,0.669416072948944
18,"Nayarit",18,"Médicos generales, especialistas y odontólogos",943,1165666,0.80897958763488
19,"Nuevo León",18,"Médicos generales, especialistas y odontólogos",1223,5058154,0.24178781428956098
20,"Oaxaca",18,"Médicos generales, especialistas y odontólogos",2884,4005676,0.7199783507203278
21,"Puebla",18,"Médicos generales, especialistas y odontólogos",2875,6183078,0.4649787694737152
22,"Querétaro",18,"Médicos generales, especialistas y odontólogos",1173,2008518,0.5840126899534881
23,"Quintana Roo",18,"Médicos generales, especialistas y odontólogos",906,1464964,0.618445231418656
24,"San Luis Potosí",18,"Médicos generales, especialistas y odontólogos",1292,2732108,0.47289492216266704
25,"Sinaloa",18,"Médicos generales, especialistas y odontólogos",1859,2953698,0.6293805257003255
26,"Sonora",18,"Médicos generales, especialistas y odontólogos",1245,2831208,0.4397416226571838
27,"Tabasco",18,"Médicos generales, especialistas y odontólogos",2511,2386488,1.0521737381457608
28,"Tamaulipas",18,"Médicos generales, especialistas y odontólogos",2201,3439496,0.6399193370191446
29,"Tlaxcala",18,"Médicos generales, especialistas y odontólogos",1239,1266063,0.9786242864691568
30,"Veracruz de Ignacio de la Llave",18,"Médicos generales, especialistas y odontólogos",4653,8105450,0.5740581954117291
31,"Yucatán",18,"Médicos generales, especialistas y odontólogos",905,2089484,0.43312128736089867
32,"Zacatecas",18,"Médicos generales, especialistas y odontólogos",1164,1583078,0.7352764677419559