"State ID","State","Resources Categories ID","Resources Categories","Total","Population","Per 1000 inhabitants"
1,"Aguascalientes",18,"Médicos generales, especialistas y odontólogos",985,1367412,0.7203388591002566
2,"Baja California",18,"Médicos generales, especialistas y odontólogos",1096,3490609,0.31398532462386936
3,"Baja California Sur",18,"Médicos generales, especialistas y odontólogos",493,746827,0.6601261068493774
4,"Campeche",18,"Médicos generales, especialistas y odontólogos",827,923399,0.8956041754431183
5,"Coahuila de Zaragoza",18,"Médicos generales, especialistas y odontólogos",1001,3053932,0.3277741613107299
6,"Colima",18,"Médicos generales, especialistas y odontólogos",605,728544,0.830423419862081
7,"Chiapas",18,"Médicos generales, especialistas y odontólogos",3922,5453377,0.7191873952598546
8,"Chihuahua",18,"Médicos generales, especialistas y odontólogos",1871,3657794,0.511510489655787
9,"Ciudad de México",18,"Médicos generales, especialistas y odontólogos",10273,9196836,1.1170145906700957
10,"Durango",18,"Médicos generales, especialistas y odontólogos",1205,1806708,0.6669589109031454
11,"Guanajuato",18,"Médicos generales, especialistas y odontólogos",3873,6042559,0.6409536092241714
12,"Guerrero",18,"Médicos generales, especialistas y odontólogos",3906,3621045,1.0786941338757183
13,"Hidalgo",18,"Médicos generales, especialistas y odontólogos",2177,2971554,0.7326133060344856
14,"Jalisco",18,"Médicos generales, especialistas y odontólogos",4300,8134729,0.5285978180711368
15,"Estado de México",18,"Médicos generales, especialistas y odontólogos",8758,16737401,0.5232592563206199
16,"Michoacán de Ocampo",18,"Médicos generales, especialistas y odontólogos",2949,4712935,0.6257247341624699
17,"Morelos",18,"Médicos generales, especialistas y odontólogos",1338,1955483,0.6842299319400884
18,"Nayarit",18,"Médicos generales, especialistas y odontólogos",926,1209787,0.7654239961249377
19,"Nuevo León",18,"Médicos generales, especialistas y odontólogos",1308,5392796,0.24254579628081613
20,"Oaxaca",18,"Médicos generales, especialistas y odontólogos",3236,4095378,0.7901590524733003
21,"Puebla",18,"Médicos generales, especialistas y odontólogos",3619,6407953,0.5647669388336649
22,"Querétaro",18,"Médicos generales, especialistas y odontólogos",1278,2168910,0.5892360678866343
23,"Quintana Roo",18,"Médicos generales, especialistas y odontólogos",999,1622307,0.6157897364678818
24,"San Luis Potosí",18,"Médicos generales, especialistas y odontólogos",1404,2800720,0.5012996658002228
25,"Sinaloa",18,"Médicos generales, especialistas y odontólogos",1986,3032732,0.6548550943505723
26,"Sonora",18,"Médicos generales, especialistas y odontólogos",1474,2920813,0.5046540124273619
27,"Tabasco",18,"Médicos generales, especialistas y odontólogos",2612,2445024,1.068292172183177
28,"Tamaulipas",18,"Médicos generales, especialistas y odontólogos",2463,3519599,0.6997956301271822
29,"Tlaxcala",18,"Médicos generales, especialistas y odontólogos",1320,1319228,1.0005851907327619
30,"Veracruz de Ignacio de la Llave",18,"Médicos generales, especialistas y odontólogos",5026,8234539,0.6103559652823308
31,"Yucatán",18,"Médicos generales, especialistas y odontólogos",1450,2195871,0.6603302288704573
32,"Zacatecas",18,"Médicos generales, especialistas y odontólogos",1326,1620606,0.818212446455215