"State ID","State","Resources Categories ID","Resources Categories","Total","Population","Per 1000 inhabitants"
1,"Aguascalientes",18,"Médicos generales, especialistas y odontólogos",970,1320036,0.7348284440727374
2,"Baja California",18,"Médicos generales, especialistas y odontólogos",1080,3350881,0.32230329874441976
3,"Baja California Sur",18,"Médicos generales, especialistas y odontólogos",490,714281,0.6860045276298823
4,"Campeche",18,"Médicos generales, especialistas y odontólogos",725,905316,0.8008253471715953
5,"Coahuila de Zaragoza",18,"Médicos generales, especialistas y odontólogos",1093,2978928,0.36691051277506537
6,"Colima",18,"Médicos generales, especialistas y odontólogos",575,715359,0.8037922218075121
7,"Chiapas",18,"Médicos generales, especialistas y odontólogos",3384,5308440,0.6374754165065443
8,"Chihuahua",18,"Médicos generales, especialistas y odontólogos",1683,3590487,0.46873864186111797
9,"Ciudad de México",18,"Médicos generales, especialistas y odontólogos",10454,9131261,1.1448583059886253
10,"Durango",18,"Médicos generales, especialistas y odontólogos",1113,1772225,0.6280240940061222
11,"Guanajuato",18,"Médicos generales, especialistas y odontólogos",3525,5920002,0.5954389880273689
12,"Guerrero",18,"Médicos generales, especialistas y odontólogos",3567,3605158,0.9894157204760512
13,"Hidalgo",18,"Médicos generales, especialistas y odontólogos",2098,2891824,0.7254936676644221
14,"Jalisco",18,"Médicos generales, especialistas y odontólogos",4052,7945906,0.5099481418481417
15,"Estado de México",18,"Médicos generales, especialistas y odontólogos",8374,16418232,0.5100427378538688
16,"Michoacán de Ocampo",18,"Médicos generales, especialistas y odontólogos",2895,4648296,0.6228088744778733
17,"Morelos",18,"Médicos generales, especialistas y odontólogos",1410,1921450,0.7338208124072966
18,"Nayarit",18,"Médicos generales, especialistas y odontólogos",924,1183925,0.7804548430010347
19,"Nuevo León",18,"Médicos generales, especialistas y odontólogos",1262,5156442,0.2447424018344432
20,"Oaxaca",18,"Médicos generales, especialistas y odontólogos",3048,4037510,0.754920730846487
21,"Puebla",18,"Médicos generales, especialistas y odontólogos",3310,6259726,0.5287771381686674
22,"Querétaro",18,"Médicos generales, especialistas y odontólogos",1220,2054196,0.5939063263680778
23,"Quintana Roo",18,"Médicos generales, especialistas y odontólogos",1002,1503999,0.6662238472233026
24,"San Luis Potosí",18,"Médicos generales, especialistas y odontólogos",1325,2758933,0.4802581287765959
25,"Sinaloa",18,"Médicos generales, especialistas y odontólogos",1978,2992691,0.6609436122874028
26,"Sonora",18,"Médicos generales, especialistas y odontólogos",1418,2869173,0.49421906591202414
27,"Tabasco",18,"Médicos generales, especialistas y odontólogos",2571,2420042,1.0623782562451396
28,"Tamaulipas",18,"Médicos generales, especialistas y odontólogos",2382,3473611,0.6857417252536337
29,"Tlaxcala",18,"Médicos generales, especialistas y odontólogos",1294,1287633,1.0049447319228384
30,"Veracruz de Ignacio de la Llave",18,"Médicos generales, especialistas y odontólogos",4913,8192658,0.5996832773930024
31,"Yucatán",18,"Médicos generales, especialistas y odontólogos",1024,2119530,0.4831259760418583
32,"Zacatecas",18,"Médicos generales, especialistas y odontólogos",1284,1600453,0.8022728564975041