"State ID","State","Resources Categories ID","Resources Categories","Total","Population","Per 1000 inhabitants"
1,"Aguascalientes",18,"Médicos generales, especialistas y odontólogos",965,1436338,0.6718474342390162
2,"Baja California",18,"Médicos generales, especialistas y odontólogos",1072,3767720,0.2845222044100942
3,"Baja California Sur",18,"Médicos generales, especialistas y odontólogos",493,797758,0.6179818942586599
4,"Campeche",18,"Médicos generales, especialistas y odontólogos",889,936190,0.9495935654087311
5,"Coahuila de Zaragoza",18,"Médicos generales, especialistas y odontólogos",1131,3162465,0.35763241648524174
6,"Colima",18,"Médicos generales, especialistas y odontólogos",627,741130,0.8460054241496093
7,"Chiapas",18,"Médicos generales, especialistas y odontólogos",3949,5648179,0.6991633940779851
8,"Chihuahua",18,"Médicos generales, especialistas y odontólogos",1890,3775295,0.5006231301130111
9,"Ciudad de México",18,"Médicos generales, especialistas y odontólogos",10272,9343071,1.0994243755613118
10,"Durango",18,"Médicos generales, especialistas y odontólogos",1258,1846325,0.6813534995193155
11,"Guanajuato",18,"Médicos generales, especialistas y odontólogos",4339,6214546,0.6982006408835014
12,"Guerrero",18,"Médicos generales, especialistas y odontólogos",4307,3604522,1.1948879768246665
13,"Hidalgo",18,"Médicos generales, especialistas y odontólogos",2361,3095127,0.7628119944674322
14,"Jalisco",18,"Médicos generales, especialistas y odontólogos",4159,8423387,0.4937443809716923
15,"Estado de México",18,"Médicos generales, especialistas y odontólogos",8484,17141518,0.4949386629585548
16,"Michoacán de Ocampo",18,"Médicos generales, especialistas y odontólogos",2899,4798352,0.6041657635788287
17,"Morelos",18,"Médicos generales, especialistas y odontólogos",1362,1992901,0.6834258199479051
18,"Nayarit",18,"Médicos generales, especialistas y odontólogos",1127,1240909,0.9082051947403074
19,"Nuevo León",18,"Médicos generales, especialistas y odontólogos",1276,5792403,0.2202885400066259
20,"Oaxaca",18,"Médicos generales, especialistas y odontólogos",3344,4180230,0.7999559832832165
21,"Puebla",18,"Médicos generales, especialistas y odontólogos",3800,6637103,0.5725389526123069
22,"Querétaro",18,"Médicos generales, especialistas y odontólogos",1428,2364645,0.6038961450873175
23,"Quintana Roo",18,"Médicos generales, especialistas y odontólogos",1160,1841470,0.6299315220991925
24,"San Luis Potosí",18,"Médicos generales, especialistas y odontólogos",1428,2855736,0.500046222760087
25,"Sinaloa",18,"Médicos generales, especialistas y odontólogos",1894,3066406,0.6176611968539065
26,"Sonora",18,"Médicos generales, especialistas y odontólogos",1712,2981674,0.5741741048820227
27,"Tabasco",18,"Médicos generales, especialistas y odontólogos",2688,2442176,1.1006577740506827
28,"Tamaulipas",18,"Médicos generales, especialistas y odontólogos",2456,3574992,0.6869945443234557
29,"Tlaxcala",18,"Médicos generales, especialistas y odontólogos",1251,1358198,0.921073363382953
30,"Veracruz de Ignacio de la Llave",18,"Médicos generales, especialistas y odontólogos",5115,8188082,0.6246884190949724
31,"Yucatán",18,"Médicos generales, especialistas y odontólogos",1644,2326846,0.7065357999626962
32,"Zacatecas",18,"Médicos generales, especialistas y odontólogos",1456,1639972,0.8878200359518333