"State ID","State","Resources Categories ID","Resources Categories","Total","Population","Per 1000 inhabitants"
1,"Aguascalientes",14,"Camas en área de hospitalización (Censables)",425,1067693,0.3980544969387268
2,"Baja California",14,"Camas en área de hospitalización (Censables)",378,2802054,0.13490104045104057
3,"Baja California Sur",14,"Camas en área de hospitalización (Censables)",225,505004,0.4455410254176205
4,"Campeche",14,"Camas en área de hospitalización (Censables)",349,763707,0.4569815387314769
5,"Coahuila de Zaragoza",14,"Camas en área de hospitalización (Censables)",483,2523006,0.1914383081134171
6,"Colima",14,"Camas en área de hospitalización (Censables)",237,574696,0.4123919428706655
7,"Chiapas",14,"Camas en área de hospitalización (Censables)",895,4350768,0.20571080783898385
8,"Chihuahua",14,"Camas en área de hospitalización (Censables)",940,3267587,0.28767405427919746
9,"Ciudad de México",14,"Camas en área de hospitalización (Censables)",6607,8931633,0.7397303494221046
10,"Durango",14,"Camas en área de hospitalización (Censables)",672,1547023,0.434382682093285
11,"Guanajuato",14,"Camas en área de hospitalización (Censables)",1118,4994568,0.2238431832342657
12,"Guerrero",14,"Camas en área de hospitalización (Censables)",845,3223509,0.2621366963765263
13,"Hidalgo",14,"Camas en área de hospitalización (Censables)",607,2396022,0.25333657203481436
14,"Jalisco",14,"Camas en área de hospitalización (Censables)",2709,6843769,0.3958345175005176
15,"Estado de México",14,"Camas en área de hospitalización (Censables)",3434,14180907,0.2421565842015606
16,"Michoacán de Ocampo",14,"Camas en área de hospitalización (Censables)",1026,4105412,0.24991401593798623
17,"Morelos",14,"Camas en área de hospitalización (Censables)",330,1637754,0.20149546268853566
18,"Nayarit",14,"Camas en área de hospitalización (Censables)",343,973836,0.3522153627510176
19,"Nuevo León",14,"Camas en área de hospitalización (Censables)",627,4237502,0.14796453193414422
20,"Oaxaca",14,"Camas en área de hospitalización (Censables)",876,3628605,0.24141508926984337
21,"Puebla",14,"Camas en área de hospitalización (Censables)",1339,5500489,0.24343290205652626
22,"Querétaro",14,"Camas en área de hospitalización (Censables)",387,1601443,0.24165705554303213
23,"Quintana Roo",14,"Camas en área de hospitalización (Censables)",243,1077416,0.22553962443475872
24,"San Luis Potosí",14,"Camas en área de hospitalización (Censables)",637,2465380,0.25837801880440336
25,"Sinaloa",14,"Camas en área de hospitalización (Censables)",671,2665663,0.2517197410175255
26,"Sonora",14,"Camas en área de hospitalización (Censables)",1018,2420811,0.4205202306169296
27,"Tabasco",14,"Camas en área de hospitalización (Censables)",895,2035566,0.4396811501076359
28,"Tamaulipas",14,"Camas en área de hospitalización (Censables)",1156,3038381,0.3804657809537382
29,"Tlaxcala",14,"Camas en área de hospitalización (Censables)",319,1081005,0.2950957673646283
30,"Veracruz de Ignacio de la Llave",14,"Camas en área de hospitalización (Censables)",2244,7285698,0.3080006884721272
31,"Yucatán",14,"Camas en área de hospitalización (Censables)",504,1831630,0.2751647439712169
32,"Zacatecas",14,"Camas en área de hospitalización (Censables)",324,1412044,0.22945460623040076