"State ID","State","Resources Categories ID","Resources Categories","Total","Population","Per 1000 inhabitants"
1,"Aguascalientes",14,"Camas en área de hospitalización (Censables)",465,1161188,0.40045195093301
2,"Baja California",14,"Camas en área de hospitalización (Censables)",484,3069155,0.15769812863801275
3,"Baja California Sur",14,"Camas en área de hospitalización (Censables)",215,595876,0.3608133235773886
4,"Campeche",14,"Camas en área de hospitalización (Censables)",348,814707,0.4271474284620115
5,"Coahuila de Zaragoza",14,"Camas en área de hospitalización (Censables)",511,2705559,0.18887039609929038
6,"Colima",14,"Camas en área de hospitalización (Censables)",257,628547,0.4088795269088867
7,"Chiapas",14,"Camas en área de hospitalización (Censables)",1176,4733412,0.2484465751132587
8,"Chihuahua",14,"Camas en área de hospitalización (Censables)",944,3401622,0.27751466800249996
9,"Ciudad de México",14,"Camas en área de hospitalización (Censables)",6414,9022695,0.7108740791969583
10,"Durango",14,"Camas en área de hospitalización (Censables)",643,1627873,0.39499395837390266
11,"Guanajuato",14,"Camas en área de hospitalización (Censables)",1622,5365249,0.3023158850595751
12,"Guerrero",14,"Camas en área de hospitalización (Censables)",956,3374388,0.2833106329206956
13,"Hidalgo",14,"Camas en área de hospitalización (Censables)",715,2593655,0.2756727475319578
14,"Jalisco",14,"Camas en área de hospitalización (Censables)",2666,7274893,0.36646587104442635
15,"Estado de México",14,"Camas en área de hospitalización (Censables)",3564,15069100,0.23651047507814005
16,"Michoacán de Ocampo",14,"Camas en área de hospitalización (Censables)",1085,4304908,0.2520379065011378
17,"Morelos",14,"Camas en área de hospitalización (Censables)",387,1745308,0.22173736669974584
18,"Nayarit",14,"Camas en área de hospitalización (Censables)",305,1053890,0.2894040174970822
19,"Nuevo León",14,"Camas en área de hospitalización (Censables)",795,4570821,0.1739293662998398
20,"Oaxaca",14,"Camas en área de hospitalización (Censables)",972,3793004,0.25626126415896217
21,"Puebla",14,"Camas en área de hospitalización (Censables)",1626,5785129,0.28106546975875557
22,"Querétaro",14,"Camas en área de hospitalización (Censables)",384,1772795,0.21660710911301082
23,"Quintana Roo",14,"Camas en área de hospitalización (Censables)",255,1253759,0.2033883704922557
24,"San Luis Potosí",14,"Camas en área de hospitalización (Censables)",671,2579739,0.26010383220938244
25,"Sinaloa",14,"Camas en área de hospitalización (Censables)",633,2767220,0.22874943083672422
26,"Sonora",14,"Camas en área de hospitalización (Censables)",1084,2604014,0.4162804040224054
27,"Tabasco",14,"Camas en área de hospitalización (Censables)",1091,2187500,0.49874285714285715
28,"Tamaulipas",14,"Camas en área de hospitalización (Censables)",1262,3231820,0.3904920447302139
29,"Tlaxcala",14,"Camas en área de hospitalización (Censables)",347,1159255,0.29933017325782507
30,"Veracruz de Ignacio de la Llave",14,"Camas en área de hospitalización (Censables)",2285,7611301,0.300211488154259
31,"Yucatán",14,"Camas en área de hospitalización (Censables)",539,1938800,0.278007014648236
32,"Zacatecas",14,"Camas en área de hospitalización (Censables)",370,1478733,0.25021420364595903