"State ID","State","Resources Categories ID","Resources Categories","Total","Population","Per 1000 inhabitants"
1,"Aguascalientes",14,"Camas en área de hospitalización (Censables)",444,1320036,0.33635446306009836
2,"Baja California",14,"Camas en área de hospitalización (Censables)",632,3350881,0.18860711556154935
3,"Baja California Sur",14,"Camas en área de hospitalización (Censables)",270,714281,0.3780024948164658
4,"Campeche",14,"Camas en área de hospitalización (Censables)",603,905316,0.6660657715096165
5,"Coahuila de Zaragoza",14,"Camas en área de hospitalización (Censables)",583,2978928,0.19570798622860303
6,"Colima",14,"Camas en área de hospitalización (Censables)",278,715359,0.38861606549997973
7,"Chiapas",14,"Camas en área de hospitalización (Censables)",1283,5308440,0.2416905908327117
8,"Chihuahua",14,"Camas en área de hospitalización (Censables)",1030,3590487,0.28686916287400566
9,"Ciudad de México",14,"Camas en área de hospitalización (Censables)",6409,9131261,0.7018745822729193
10,"Durango",14,"Camas en área de hospitalización (Censables)",848,1772225,0.4784945478141884
11,"Guanajuato",14,"Camas en área de hospitalización (Censables)",1691,5920002,0.2856417953912853
12,"Guerrero",14,"Camas en área de hospitalización (Censables)",1101,3605158,0.30539576906199395
13,"Hidalgo",14,"Camas en área de hospitalización (Censables)",713,2891824,0.24655719020244662
14,"Jalisco",14,"Camas en área de hospitalización (Censables)",2685,7945906,0.33790986200944234
15,"Estado de México",14,"Camas en área de hospitalización (Censables)",4327,16418232,0.2635484746469656
16,"Michoacán de Ocampo",14,"Camas en área de hospitalización (Censables)",1170,4648296,0.25170514098069485
17,"Morelos",14,"Camas en área de hospitalización (Censables)",482,1921450,0.25085222097894816
18,"Nayarit",14,"Camas en área de hospitalización (Censables)",317,1183925,0.2677534472200519
19,"Nuevo León",14,"Camas en área de hospitalización (Censables)",715,5156442,0.13866150341650307
20,"Oaxaca",14,"Camas en área de hospitalización (Censables)",1261,4037510,0.31232120787316936
21,"Puebla",14,"Camas en área de hospitalización (Censables)",1850,6259726,0.29554009232991985
22,"Querétaro",14,"Camas en área de hospitalización (Censables)",413,2054196,0.20105189572952142
23,"Quintana Roo",14,"Camas en área de hospitalización (Censables)",368,1503999,0.24468101375067405
24,"San Luis Potosí",14,"Camas en área de hospitalización (Censables)",1410,2758933,0.5110671408113209
25,"Sinaloa",14,"Camas en área de hospitalización (Censables)",690,2992691,0.2305617252165359
26,"Sonora",14,"Camas en área de hospitalización (Censables)",1187,2869173,0.4137080615215604
27,"Tabasco",14,"Camas en área de hospitalización (Censables)",1044,2420042,0.431397471614129
28,"Tamaulipas",14,"Camas en área de hospitalización (Censables)",1373,3473611,0.3952659062859946
29,"Tlaxcala",14,"Camas en área de hospitalización (Censables)",420,1287633,0.32617989753291504
30,"Veracruz de Ignacio de la Llave",14,"Camas en área de hospitalización (Censables)",2389,8192658,0.2916025543846698
31,"Yucatán",14,"Camas en área de hospitalización (Censables)",677,2119530,0.3194104353323614
32,"Zacatecas",14,"Camas en área de hospitalización (Censables)",516,1600453,0.3224087180317073