"State ID","State","Resources Categories ID","Resources Categories","Total","Population","Per 1000 inhabitants"
1,"Aguascalientes",14,"Camas en área de hospitalización (Censables)",409,1472645,0.2777315646337033
2,"Baja California",14,"Camas en área de hospitalización (Censables)",667,3889925,0.17146860157972196
3,"Baja California Sur",14,"Camas en área de hospitalización (Censables)",310,831832,0.3726714048028929
4,"Campeche",14,"Camas en área de hospitalización (Censables)",477,941684,0.5065393486562371
5,"Coahuila de Zaragoza",14,"Camas en área de hospitalización (Censables)",776,3232850,0.24003588165241196
6,"Colima",14,"Camas en área de hospitalización (Censables)",308,748315,0.41159137528981776
7,"Chiapas",14,"Camas en área de hospitalización (Censables)",1573,5785553,0.27188412239936266
8,"Chihuahua",14,"Camas en área de hospitalización (Censables)",1076,3851891,0.27934331475111834
9,"Ciudad de México",14,"Camas en área de hospitalización (Censables)",6212,9272649,0.6699272236013678
10,"Durango",14,"Camas en área de hospitalización (Censables)",798,1870186,0.42669552654121035
11,"Guanajuato",14,"Camas en área de hospitalización (Censables)",2027,6308964,0.32128888356313334
12,"Guerrero",14,"Camas en área de hospitalización (Censables)",1208,3598332,0.33571110169934293
13,"Hidalgo",14,"Camas en área de hospitalización (Censables)",891,3157947,0.28214533049478036
14,"Jalisco",14,"Camas en área de hospitalización (Censables)",2725,8573447,0.3178418202153696
15,"Estado de México",14,"Camas en área de hospitalización (Censables)",4074,17291050,0.23561322186911726
16,"Michoacán de Ocampo",14,"Camas en área de hospitalización (Censables)",1338,4862597,0.2751616060306869
17,"Morelos",14,"Camas en área de hospitalización (Censables)",502,2008274,0.2499658911084842
18,"Nayarit",14,"Camas en área de hospitalización (Censables)",325,1264932,0.25693080734774676
19,"Nuevo León",14,"Camas en área de hospitalización (Censables)",795,5996906,0.13256836108486608
20,"Oaxaca",14,"Camas en área de hospitalización (Censables)",1343,4221338,0.3181455737493657
21,"Puebla",14,"Camas en área de hospitalización (Censables)",2020,6758650,0.2988762548733845
22,"Querétaro",14,"Camas en área de hospitalización (Censables)",573,2462684,0.23267296981667157
23,"Quintana Roo",14,"Camas en área de hospitalización (Censables)",492,1936713,0.25403867274087594
24,"San Luis Potosí",14,"Camas en área de hospitalización (Censables)",1087,2885794,0.3766727631979275
25,"Sinaloa",14,"Camas en área de hospitalización (Censables)",983,3096923,0.31741183103357756
26,"Sonora",14,"Camas en área de hospitalización (Censables)",993,3024147,0.3283570540717763
27,"Tabasco",14,"Camas en área de hospitalización (Censables)",1177,2441753,0.48203073775275385
28,"Tamaulipas",14,"Camas en área de hospitalización (Censables)",1603,3621934,0.4425812287026765
29,"Tlaxcala",14,"Camas en área de hospitalización (Censables)",444,1380635,0.32159115189749643
30,"Veracruz de Ignacio de la Llave",14,"Camas en área de hospitalización (Censables)",2670,8146184,0.32776082641884835
31,"Yucatán",14,"Camas en área de hospitalización (Censables)",1068,2390802,0.44671202383133357
32,"Zacatecas",14,"Camas en área de hospitalización (Censables)",564,1655403,0.3407025358779705