"State ID","State","Resources Categories ID","Resources Categories","Total","Population","Per 1000 inhabitants"
1,"Aguascalientes",14,"Camas en área de hospitalización (Censables)",445,1389971,0.3201505642923485
2,"Baja California",14,"Camas en área de hospitalización (Censables)",622,3581745,0.17365837043117252
3,"Baja California Sur",14,"Camas en área de hospitalización (Censables)",274,763394,0.35892343927251197
4,"Campeche",14,"Camas en área de hospitalización (Censables)",434,927991,0.46767694945317356
5,"Coahuila de Zaragoza",14,"Camas en área de hospitalización (Censables)",760,3089757,0.24597403614588462
6,"Colima",14,"Camas en área de hospitalización (Censables)",291,732464,0.39728915004696475
7,"Chiapas",14,"Camas en área de hospitalización (Censables)",1459,5517445,0.26443399073302953
8,"Chihuahua",14,"Camas en área de hospitalización (Censables)",1168,3695619,0.3160498958361238
9,"Ciudad de México",14,"Camas en área de hospitalización (Censables)",6092,9246758,0.65882550403071
10,"Durango",14,"Camas en área de hospitalización (Censables)",730,1820182,0.40105879521937915
11,"Guanajuato",14,"Camas en área de hospitalización (Censables)",1833,6098836,0.30054915396970827
12,"Guerrero",14,"Camas en área de hospitalización (Censables)",1175,3616519,0.3248980580497434
13,"Hidalgo",14,"Camas en área de hospitalización (Censables)",747,3012171,0.24799388879316614
14,"Jalisco",14,"Camas en área de hospitalización (Censables)",2746,8229023,0.3336969649981535
15,"Estado de México",14,"Camas en área de hospitalización (Censables)",4189,16870063,0.24830968325370215
16,"Michoacán de Ocampo",14,"Camas en área de hospitalización (Censables)",1241,4740170,0.26180495636232454
17,"Morelos",14,"Camas en área de hospitalización (Censables)",397,1967810,0.20174711989470528
18,"Nayarit",14,"Camas en área de hospitalización (Censables)",303,1219657,0.2484305013622682
19,"Nuevo León",14,"Camas en área de hospitalización (Censables)",691,5523593,0.1250997312799839
20,"Oaxaca",14,"Camas en área de hospitalización (Censables)",1389,4122860,0.3369020534289304
21,"Puebla",14,"Camas en área de hospitalización (Censables)",2037,6482027,0.3142535506254448
22,"Querétaro",14,"Camas en área de hospitalización (Censables)",448,2233603,0.2005727965086007
23,"Quintana Roo",14,"Camas en área de hospitalización (Censables)",438,1693802,0.25858984698329557
24,"San Luis Potosí",14,"Camas en área de hospitalización (Censables)",893,2818687,0.31681417624589037
25,"Sinaloa",14,"Camas en área de hospitalización (Censables)",842,3043381,0.27666598431152717
26,"Sonora",14,"Camas en área de hospitalización (Censables)",1193,2940352,0.40573373528067386
27,"Tabasco",14,"Camas en área de hospitalización (Censables)",1005,2445081,0.4110293278627579
28,"Tamaulipas",14,"Camas en área de hospitalización (Censables)",1344,3537686,0.3799093531760591
29,"Tlaxcala",14,"Camas en área de hospitalización (Censables)",426,1331896,0.31984479268651606
30,"Veracruz de Ignacio de la Llave",14,"Camas en área de hospitalización (Censables)",2348,8218904,0.2856828599044349
31,"Yucatán",14,"Camas en área de hospitalización (Censables)",706,2238955,0.3153256764874685
32,"Zacatecas",14,"Camas en área de hospitalización (Censables)",516,1626770,0.3171929652009811