"State ID","State","Resources Categories ID","Resources Categories","Total","Population","Per 1000 inhabitants"
1,"Aguascalientes",14,"Camas en área de hospitalización (Censables)",457,1367412,0.33420797828306315
2,"Baja California",14,"Camas en área de hospitalización (Censables)",612,3490609,0.17532757177902195
3,"Baja California Sur",14,"Camas en área de hospitalización (Censables)",274,746827,0.36688550360391364
4,"Campeche",14,"Camas en área de hospitalización (Censables)",452,923399,0.4894958733981735
5,"Coahuila de Zaragoza",14,"Camas en área de hospitalización (Censables)",639,3053932,0.20923845062692947
6,"Colima",14,"Camas en área de hospitalización (Censables)",291,728544,0.3994268019501911
7,"Chiapas",14,"Camas en área de hospitalización (Censables)",1384,5453377,0.25378769888823016
8,"Chihuahua",14,"Camas en área de hospitalización (Censables)",1069,3657794,0.2922526528284534
9,"Ciudad de México",14,"Camas en área de hospitalización (Censables)",6288,9196836,0.683713398825422
10,"Durango",14,"Camas en área de hospitalización (Censables)",646,1806708,0.3575563953887402
11,"Guanajuato",14,"Camas en área de hospitalización (Censables)",1850,6042559,0.3061616775276832
12,"Guerrero",14,"Camas en área de hospitalización (Censables)",1305,3621045,0.3603932014100902
13,"Hidalgo",14,"Camas en área de hospitalización (Censables)",743,2971554,0.250037522454581
14,"Jalisco",14,"Camas en área de hospitalización (Censables)",2717,8134729,0.3340000631858787
15,"Estado de México",14,"Camas en área de hospitalización (Censables)",4235,16737401,0.25302614187232536
16,"Michoacán de Ocampo",14,"Camas en área de hospitalización (Censables)",1189,4712935,0.25228440451650613
17,"Morelos",14,"Camas en área de hospitalización (Censables)",517,1955483,0.26438480927729874
18,"Nayarit",14,"Camas en área de hospitalización (Censables)",320,1209787,0.2645093723109936
19,"Nuevo León",14,"Camas en área de hospitalización (Censables)",702,5392796,0.13017366130667654
20,"Oaxaca",14,"Camas en área de hospitalización (Censables)",1354,4095378,0.3306166121906207
21,"Puebla",14,"Camas en área de hospitalización (Censables)",2037,6407953,0.3178862266936103
22,"Querétaro",14,"Camas en área de hospitalización (Censables)",443,2168910,0.2042500610905939
23,"Quintana Roo",14,"Camas en área de hospitalización (Censables)",338,1622307,0.2083452762023464
24,"San Luis Potosí",14,"Camas en área de hospitalización (Censables)",833,2800720,0.29742351966637154
25,"Sinaloa",14,"Camas en área de hospitalización (Censables)",732,3032732,0.2413665302440176
26,"Sonora",14,"Camas en área de hospitalización (Censables)",1158,2920813,0.39646495684591926
27,"Tabasco",14,"Camas en área de hospitalización (Censables)",1034,2445024,0.42289973431753636
28,"Tamaulipas",14,"Camas en área de hospitalización (Censables)",1328,3519599,0.37731571125006
29,"Tlaxcala",14,"Camas en área de hospitalización (Censables)",426,1319228,0.32291612973648226
30,"Veracruz de Ignacio de la Llave",14,"Camas en área de hospitalización (Censables)",2462,8234539,0.2989845576054713
31,"Yucatán",14,"Camas en área de hospitalización (Censables)",686,2195871,0.3124045082794026
32,"Zacatecas",14,"Camas en área de hospitalización (Censables)",523,1620606,0.322718785441989