"State ID","State","Resources Categories ID","Resources Categories","Total","Population","Per 1000 inhabitants"
1,"Aguascalientes",14,"Camas en área de hospitalización (Censables)",411,1491126,0.2756306308118831
2,"Baja California",14,"Camas en área de hospitalización (Censables)",607,3948201,0.15374090630137624
3,"Baja California Sur",14,"Camas en área de hospitalización (Censables)",325,849224,0.38270232588810493
4,"Campeche",14,"Camas en área de hospitalización (Censables)",555,945445,0.5870251574655321
5,"Coahuila de Zaragoza",14,"Camas en área de hospitalización (Censables)",710,3273658,0.2168827653957744
6,"Colima",14,"Camas en área de hospitalización (Censables)",306,752247,0.40678128327530716
7,"Chiapas",14,"Camas en área de hospitalización (Censables)",1523,5862882,0.2597698538022768
8,"Chihuahua",14,"Camas en área de hospitalización (Censables)",1191,3898274,0.3055198274928853
9,"Ciudad de México",14,"Camas en área de hospitalización (Censables)",6367,9237644,0.6892450066272309
10,"Durango",14,"Camas en área de hospitalización (Censables)",700,1884286,0.3714934993944656
11,"Guanajuato",14,"Camas en área de hospitalización (Censables)",2029,6360814,0.31898433125068587
12,"Guerrero",14,"Camas en área de hospitalización (Censables)",1205,3599951,0.3347267782255925
13,"Hidalgo",14,"Camas en área de hospitalización (Censables)",758,3190331,0.23759290180235218
14,"Jalisco",14,"Camas en área de hospitalización (Censables)",2738,8647986,0.3166055079182598
15,"Estado de México",14,"Camas en área de hospitalización (Censables)",4060,17379644,0.23360662623469158
16,"Michoacán de Ocampo",14,"Camas en área de hospitalización (Censables)",1339,4901506,0.2731813446724333
17,"Morelos",14,"Camas en área de hospitalización (Censables)",501,2017078,0.2483790909424425
18,"Nayarit",14,"Camas en área de hospitalización (Censables)",337,1278605,0.26356849848076613
19,"Nuevo León",14,"Camas en área de hospitalización (Censables)",715,6095498,0.11729968576808654
20,"Oaxaca",14,"Camas en área de hospitalización (Censables)",1192,4244538,0.2808315062793642
21,"Puebla",14,"Camas en área de hospitalización (Censables)",2048,6824785,0.3000827132283288
22,"Querétaro",14,"Camas en área de hospitalización (Censables)",493,2508214,0.19655420151550068
23,"Quintana Roo",14,"Camas en área de hospitalización (Censables)",493,1977161,0.2493474228957581
24,"San Luis Potosí",14,"Camas en área de hospitalización (Censables)",1077,2905759,0.37064326394584
25,"Sinaloa",14,"Camas en área de hospitalización (Censables)",899,3118470,0.28828239489236707
26,"Sonora",14,"Camas en área de hospitalización (Censables)",998,3051188,0.3270857121881707
27,"Tabasco",14,"Camas en área de hospitalización (Censables)",1220,2447193,0.49853035702537557
28,"Tamaulipas",14,"Camas en área de hospitalización (Censables)",1570,3652671,0.42982245047528234
29,"Tlaxcala",14,"Camas en área de hospitalización (Censables)",534,1395020,0.38279021089303383
30,"Veracruz de Ignacio de la Llave",14,"Camas en área de hospitalización (Censables)",2467,8133233,0.30332341394867207
31,"Yucatán",14,"Camas en área de hospitalización (Censables)",790,2420401,0.3263921969954565
32,"Zacatecas",14,"Camas en área de hospitalización (Censables)",564,1667567,0.3382172950172317