"State ID","State","Resources Categories ID","Resources Categories","Total","Population","Per 1000 inhabitants"
1,"Aguascalientes",14,"Camas en área de hospitalización (Censables)",465,1238120,0.3755694116886893
2,"Baja California",14,"Camas en área de hospitalización (Censables)",539,3241111,0.16630099987319164
3,"Baja California Sur",14,"Camas en área de hospitalización (Censables)",265,665112,0.3984291367468938
4,"Campeche",14,"Camas en área de hospitalización (Censables)",552,855626,0.6451416857365251
5,"Coahuila de Zaragoza",14,"Camas en área de hospitalización (Censables)",633,2850340,0.22207876955029926
6,"Colima",14,"Camas en área de hospitalización (Censables)",270,676799,0.39893675965833286
7,"Chiapas",14,"Camas en área de hospitalización (Censables)",1302,5036751,0.25849997349481835
8,"Chihuahua",14,"Camas en área de hospitalización (Censables)",1007,3496283,0.28802016312752715
9,"Ciudad de México",14,"Camas en área de hospitalización (Censables)",6549,9074286,0.7217096750091412
10,"Durango",14,"Camas en área de hospitalización (Censables)",712,1699319,0.4189913724262484
11,"Guanajuato",14,"Camas en área de hospitalización (Censables)",1507,5687318,0.2649755121834228
12,"Guerrero",14,"Camas en área de hospitalización (Censables)",1113,3510911,0.31701173854876985
13,"Hidalgo",14,"Camas en área de hospitalización (Censables)",725,2765973,0.262113910728702
14,"Jalisco",14,"Camas en área de hospitalización (Censables)",2690,7633543,0.35239206748425994
15,"Estado de México",14,"Camas en área de hospitalización (Censables)",4106,15759356,0.26054364150413256
16,"Michoacán de Ocampo",14,"Camas en área de hospitalización (Censables)",1167,4507636,0.2588940189491787
17,"Morelos",14,"Camas en área de hospitalización (Censables)",434,1840796,0.23576757011640617
18,"Nayarit",14,"Camas en área de hospitalización (Censables)",314,1126347,0.2787773217312249
19,"Nuevo León",14,"Camas en área de hospitalización (Censables)",698,4854677,0.1437788755050027
20,"Oaxaca",14,"Camas en área de hospitalización (Censables)",1148,3933805,0.2918294119815293
21,"Puebla",14,"Camas en área de hospitalización (Censables)",1671,6019204,0.2776114582592648
22,"Querétaro",14,"Camas en área de hospitalización (Censables)",383,1914820,0.20001880072278336
23,"Quintana Roo",14,"Camas en área de hospitalización (Censables)",452,1385266,0.32629112387079445
24,"San Luis Potosí",14,"Camas en área de hospitalización (Censables)",784,2673000,0.2933034044145155
25,"Sinaloa",14,"Camas en área de hospitalización (Censables)",740,2869487,0.2578858172209876
26,"Sonora",14,"Camas en área de hospitalización (Censables)",1197,2749205,0.43539859704896505
27,"Tabasco",14,"Camas en área de hospitalización (Censables)",1046,2316139,0.4516136553117062
28,"Tamaulipas",14,"Camas en área de hospitalización (Censables)",1389,3363767,0.4129299086411158
29,"Tlaxcala",14,"Camas en área de hospitalización (Censables)",400,1221016,0.3275960347775951
30,"Veracruz de Ignacio de la Llave",14,"Camas en área de hospitalización (Censables)",2294,7910343,0.2900000670008873
31,"Yucatán",14,"Camas en área de hospitalización (Censables)",723,2025293,0.35698538433698235
32,"Zacatecas",14,"Camas en área de hospitalización (Censables)",530,1544531,0.3431462366245805