"State ID","State","Resources Categories ID","Resources Categories","Total","Population","Per 1000 inhabitants"
1,"Aguascalientes",14,"Camas en área de hospitalización (Censables)",468,1265972,0.3696764225433106
2,"Baja California",14,"Camas en área de hospitalización (Censables)",598,3280221,0.18230478982970963
3,"Baja California Sur",14,"Camas en área de hospitalización (Censables)",265,681803,0.38867532117048476
4,"Campeche",14,"Camas en área de hospitalización (Censables)",530,872482,0.6074623889088829
5,"Coahuila de Zaragoza",14,"Camas en área de hospitalización (Censables)",608,2895110,0.2100092915295101
6,"Colima",14,"Camas en área de hospitalización (Censables)",307,690163,0.4448224549852716
7,"Chiapas",14,"Camas en área de hospitalización (Censables)",1118,5129764,0.21794374945903944
8,"Chihuahua",14,"Camas en área de hospitalización (Censables)",1011,3530461,0.28636486849734355
9,"Ciudad de México",14,"Camas en área de hospitalización (Censables)",6775,9102171,0.744327919130502
10,"Durango",14,"Camas en área de hospitalización (Censables)",717,1724700,0.41572447382153416
11,"Guanajuato",14,"Camas en área de hospitalización (Censables)",1569,5768956,0.2719729531651827
12,"Guerrero",14,"Camas en área de hospitalización (Censables)",1030,3544755,0.2905701522390123
13,"Hidalgo",14,"Camas en área de hospitalización (Censables)",686,2810048,0.244123943790284
14,"Jalisco",14,"Camas en área de hospitalización (Censables)",2683,7743685,0.34647587033821753
15,"Estado de México",14,"Camas en área de hospitalización (Censables)",4050,15989161,0.25329659261045656
16,"Michoacán de Ocampo",14,"Camas en área de hospitalización (Censables)",1156,4558445,0.25359525013464024
17,"Morelos",14,"Camas en área de hospitalización (Censables)",424,1868737,0.22689121048066152
18,"Nayarit",14,"Camas en área de hospitalización (Censables)",314,1146453,0.273888244873536
19,"Nuevo León",14,"Camas en área de hospitalización (Censables)",686,4957369,0.13837985431385075
20,"Oaxaca",14,"Camas en área de hospitalización (Censables)",1158,3971033,0.29161177960495416
21,"Puebla",14,"Camas en área de hospitalización (Censables)",1706,6102708,0.27954803015317137
22,"Querétaro",14,"Camas en área de hospitalización (Censables)",437,1961944,0.22273826368132832
23,"Quintana Roo",14,"Camas en área de hospitalización (Censables)",406,1425358,0.2848407207171812
24,"San Luis Potosí",14,"Camas en área de hospitalización (Censables)",1037,2703397,0.38359145919004867
25,"Sinaloa",14,"Camas en área de hospitalización (Censables)",709,2912630,0.24342261117958683
26,"Sonora",14,"Camas en área de hospitalización (Censables)",1177,2791136,0.42169209956089565
27,"Tabasco",14,"Camas en área de hospitalización (Censables)",1042,2351726,0.443078828060752
28,"Tamaulipas",14,"Camas en área de hospitalización (Censables)",1389,3402841,0.40818833439470137
29,"Tlaxcala",14,"Camas en área de hospitalización (Censables)",254,1243812,0.20421092576691655
30,"Veracruz de Ignacio de la Llave",14,"Camas en área de hospitalización (Censables)",2311,8011048,0.28847661379634726
31,"Yucatán",14,"Camas en área de hospitalización (Censables)",745,2057996,0.36200264723546594
32,"Zacatecas",14,"Camas en área de hospitalización (Censables)",524,1564429,0.33494648846320285