"State ID","State","Resources Categories ID","Resources Categories","Total","Population","Per 1000 inhabitants"
1,"Aguascalientes",14,"Camas en área de hospitalización (Censables)",426,1092345,0.38998668003240733
2,"Baja California",14,"Camas en área de hospitalización (Censables)",378,2877276,0.13137425815250256
3,"Baja California Sur",14,"Camas en área de hospitalización (Censables)",225,523505,0.4297953219166961
4,"Campeche",14,"Camas en área de hospitalización (Censables)",352,778680,0.4520470539888016
5,"Coahuila de Zaragoza",14,"Camas en área de hospitalización (Censables)",483,2567167,0.18814514209632643
6,"Colima",14,"Camas en área de hospitalización (Censables)",257,583006,0.4408187908872293
7,"Chiapas",14,"Camas en área de hospitalización (Censables)",1117,4440529,0.25154660627146
8,"Chihuahua",14,"Camas en área de hospitalización (Censables)",935,3309479,0.28252181083487765
9,"Ciudad de México",14,"Camas en área de hospitalización (Censables)",6608,8977190,0.7360877958470301
10,"Durango",14,"Camas en área de hospitalización (Censables)",554,1564271,0.3541585824962554
11,"Guanajuato",14,"Camas en área de hospitalización (Censables)",1117,5054708,0.22098210223023765
12,"Guerrero",14,"Camas en área de hospitalización (Censables)",905,3243372,0.2790305891522773
13,"Hidalgo",14,"Camas en área de hospitalización (Censables)",611,2425682,0.2518879226543298
14,"Jalisco",14,"Camas en área de hospitalización (Censables)",2610,6938752,0.3761483333025881
15,"Estado de México",14,"Camas en área de hospitalización (Censables)",4029,14393627,0.2799155487355619
16,"Michoacán de Ocampo",14,"Camas en área de hospitalización (Censables)",1030,4119076,0.25005608053845085
17,"Morelos",14,"Camas en área de hospitalización (Censables)",330,1655361,0.1993522862988798
18,"Nayarit",14,"Camas en área de hospitalización (Censables)",293,984695,0.2975540649642783
19,"Nuevo León",14,"Camas en área de hospitalización (Censables)",631,4318376,0.14611974501525574
20,"Oaxaca",14,"Camas en área de hospitalización (Censables)",940,3654837,0.25719341245587696
21,"Puebla",14,"Camas en área de hospitalización (Censables)",1453,5571786,0.2607781418740777
22,"Querétaro",14,"Camas en área de hospitalización (Censables)",390,1641708,0.2375574706342419
23,"Quintana Roo",14,"Camas en área de hospitalización (Censables)",243,1123401,0.21630744498180082
24,"San Luis Potosí",14,"Camas en área de hospitalización (Censables)",622,2492556,0.24954303935398042
25,"Sinaloa",14,"Camas en área de hospitalización (Censables)",613,2687038,0.22813224077962424
26,"Sonora",14,"Camas en área de hospitalización (Censables)",1008,2461139,0.40956646495789145
27,"Tabasco",14,"Camas en área de hospitalización (Censables)",891,2062531,0.43199350700668254
28,"Tamaulipas",14,"Camas en área de hospitalización (Censables)",1166,3094907,0.3767479927506707
29,"Tlaxcala",14,"Camas en área de hospitalización (Censables)",321,1102517,0.29115197316685365
30,"Veracruz de Ignacio de la Llave",14,"Camas en área de hospitalización (Censables)",2244,7347572,0.3054070106424272
31,"Yucatán",14,"Camas en área de hospitalización (Censables)",504,1863537,0.27045344417631634
32,"Zacatecas",14,"Camas en área de hospitalización (Censables)",345,1420322,0.24290266573354494