"State ID","State","Resources Categories ID","Resources Categories","Total","Population","Per 1000 inhabitants"
1,"Aguascalientes",14,"Camas en área de hospitalización (Censables)",402,1436338,0.2798784130197767
2,"Baja California",14,"Camas en área de hospitalización (Censables)",648,3767720,0.1719873026658032
3,"Baja California Sur",14,"Camas en área de hospitalización (Censables)",274,797758,0.3434625538070442
4,"Campeche",14,"Camas en área de hospitalización (Censables)",469,936190,0.5009666841132676
5,"Coahuila de Zaragoza",14,"Camas en área de hospitalización (Censables)",773,3162465,0.24442958261988668
6,"Colima",14,"Camas en área de hospitalización (Censables)",319,741130,0.4304238122866434
7,"Chiapas",14,"Camas en área de hospitalización (Censables)",1421,5648179,0.25158551101160215
8,"Chihuahua",14,"Camas en área de hospitalización (Censables)",1168,3775295,0.30937979681058037
9,"Ciudad de México",14,"Camas en área de hospitalización (Censables)",6076,9343071,0.6503215056377073
10,"Durango",14,"Camas en área de hospitalización (Censables)",733,1846325,0.39700486100767746
11,"Guanajuato",14,"Camas en área de hospitalización (Censables)",1893,6214546,0.30460793113447066
12,"Guerrero",14,"Camas en área de hospitalización (Censables)",1206,3604522,0.3345797306827369
13,"Hidalgo",14,"Camas en área de hospitalización (Censables)",743,3095127,0.24005476996582048
14,"Jalisco",14,"Camas en área de hospitalización (Censables)",2789,8423387,0.3311019664655085
15,"Estado de México",14,"Camas en área de hospitalización (Censables)",3983,17141518,0.23235981784110368
16,"Michoacán de Ocampo",14,"Camas en área de hospitalización (Censables)",1315,4798352,0.27405242466580193
17,"Morelos",14,"Camas en área de hospitalización (Censables)",476,1992901,0.23884779023142644
18,"Nayarit",14,"Camas en área de hospitalización (Censables)",307,1240909,0.24739928552375717
19,"Nuevo León",14,"Camas en área de hospitalización (Censables)",682,5792403,0.11774042655526558
20,"Oaxaca",14,"Camas en área de hospitalización (Censables)",1374,4180230,0.32869004815524505
21,"Puebla",14,"Camas en área de hospitalización (Censables)",2002,6637103,0.30163762713943115
22,"Querétaro",14,"Camas en área de hospitalización (Censables)",452,2364645,0.19114919998562152
23,"Quintana Roo",14,"Camas en área de hospitalización (Censables)",490,1841470,0.26609176364534853
24,"San Luis Potosí",14,"Camas en área de hospitalización (Censables)",827,2855736,0.289592595393972
25,"Sinaloa",14,"Camas en área de hospitalización (Censables)",760,3066406,0.24784715396460874
26,"Sonora",14,"Camas en área de hospitalización (Censables)",1158,2981674,0.38837243776482605
27,"Tabasco",14,"Camas en área de hospitalización (Censables)",1058,2442176,0.4332202101732226
28,"Tamaulipas",14,"Camas en área de hospitalización (Censables)",1323,3574992,0.37007075820029806
29,"Tlaxcala",14,"Camas en área de hospitalización (Censables)",444,1358198,0.32690373568507686
30,"Veracruz de Ignacio de la Llave",14,"Camas en área de hospitalización (Censables)",2371,8188082,0.2895672026733489
31,"Yucatán",14,"Camas en área de hospitalización (Censables)",751,2326846,0.32275449256203464
32,"Zacatecas",14,"Camas en área de hospitalización (Censables)",521,1639972,0.3176883507767206