"State ID","State","Resources Categories ID","Resources Categories","Total","Population","Per 1000 inhabitants"
1,"Aguascalientes",14,"Camas en área de hospitalización (Censables)",388,1042583,0.3721526247790344
2,"Baja California",14,"Camas en área de hospitalización (Censables)",362,2724975,0.13284525546105927
3,"Baja California Sur",14,"Camas en área de hospitalización (Censables)",225,487357,0.46167388587831915
4,"Campeche",14,"Camas en área de hospitalización (Censables)",345,748463,0.46094462919342705
5,"Coahuila de Zaragoza",14,"Camas en área de hospitalización (Censables)",477,2478582,0.19244874690448005
6,"Colima",14,"Camas en área de hospitalización (Censables)",249,567352,0.43888097688912703
7,"Chiapas",14,"Camas en área de hospitalización (Censables)",796,4261966,0.18676826610066807
8,"Chihuahua",14,"Camas en área de hospitalización (Censables)",931,3223858,0.28878443157235834
9,"Ciudad de México",14,"Camas en área de hospitalización (Censables)",6427,8878329,0.7238974811588983
10,"Durango",14,"Camas en área de hospitalización (Censables)",530,1530089,0.34638507956073145
11,"Guanajuato",14,"Camas en área de hospitalización (Censables)",1083,4938881,0.2192804402454726
12,"Guerrero",14,"Camas en área de hospitalización (Censables)",851,3205860,0.26545139213814706
13,"Hidalgo",14,"Camas en área de hospitalización (Censables)",611,2370185,0.25778578465394053
14,"Jalisco",14,"Camas en área de hospitalización (Censables)",2640,6750512,0.391081446859142
15,"Estado de México",14,"Camas en área de hospitalización (Censables)",3387,13968235,0.24247873836601402
16,"Michoacán de Ocampo",14,"Camas en área de hospitalización (Censables)",1001,4098402,0.24424153609138394
17,"Morelos",14,"Camas en área de hospitalización (Censables)",340,1621823,0.2096406327940842
18,"Nayarit",14,"Camas en área de hospitalización (Censables)",280,964864,0.2901963385513399
19,"Nuevo León",14,"Camas en área de hospitalización (Censables)",630,4155370,0.15161104787299326
20,"Oaxaca",14,"Camas en área de hospitalización (Censables)",868,3604885,0.24078438008424677
21,"Puebla",14,"Camas en área de hospitalización (Censables)",1343,5427999,0.24742082671717516
22,"Querétaro",14,"Camas en área de hospitalización (Censables)",387,1561709,0.24780544903051724
23,"Quintana Roo",14,"Camas en área de hospitalización (Censables)",246,1032090,0.23835130657210127
24,"San Luis Potosí",14,"Camas en área de hospitalización (Censables)",627,2437891,0.25718951339497953
25,"Sinaloa",14,"Camas en área de hospitalización (Censables)",556,2644900,0.2102158871790994
26,"Sonora",14,"Camas en área de hospitalización (Censables)",1026,2381092,0.430894732332896
27,"Tabasco",14,"Camas en área de hospitalización (Censables)",869,2010219,0.43229120807235427
28,"Tamaulipas",14,"Camas en área de hospitalización (Censables)",1114,2979915,0.3738361664678355
29,"Tlaxcala",14,"Camas en área de hospitalización (Censables)",281,1059014,0.2653411569629863
30,"Veracruz de Ignacio de la Llave",14,"Camas en área de hospitalización (Censables)",1859,7226669,0.2572416143592574
31,"Yucatán",14,"Camas en área de hospitalización (Censables)",508,1798634,0.2824365601895661
32,"Zacatecas",14,"Camas en área de hospitalización (Censables)",312,1405196,0.22203308292935647