"State ID","State","Resources Categories ID","Resources Categories","Total","Population","Per 1000 inhabitants"
1,"Aguascalientes",14,"Camas en área de hospitalización (Censables)",445,1344649,0.33094138321599165
2,"Baja California",14,"Camas en área de hospitalización (Censables)",606,3406162,0.17791285323481384
3,"Baja California Sur",14,"Camas en área de hospitalización (Censables)",252,730405,0.34501406753787284
4,"Campeche",14,"Camas en área de hospitalización (Censables)",449,917075,0.48960008723386855
5,"Coahuila de Zaragoza",14,"Camas en área de hospitalización (Censables)",532,3017320,0.17631540572428514
6,"Colima",14,"Camas en área de hospitalización (Censables)",283,724011,0.3908780391458141
7,"Chiapas",14,"Camas en área de hospitalización (Censables)",1225,5386294,0.22742910060238078
8,"Chihuahua",14,"Camas en área de hospitalización (Censables)",1123,3621545,0.31008865000987146
9,"Ciudad de México",14,"Camas en área de hospitalización (Censables)",6403,9152227,0.6996111438232465
10,"Durango",14,"Camas en área de hospitalización (Censables)",694,1791588,0.3873658452724622
11,"Guanajuato",14,"Camas en área de hospitalización (Censables)",1855,5985087,0.30993701511774185
12,"Guerrero",14,"Camas en área de hospitalización (Censables)",1146,3620740,0.3165098847196982
13,"Hidalgo",14,"Camas en área de hospitalización (Censables)",713,2931124,0.24325139434565035
14,"Jalisco",14,"Camas en área de hospitalización (Censables)",2752,8040214,0.34227944679084416
15,"Estado de México",14,"Camas en área de hospitalización (Censables)",4163,16594825,0.25086133779657216
16,"Michoacán de Ocampo",14,"Camas en área de hospitalización (Censables)",1179,4683987,0.25170864052355396
17,"Morelos",14,"Camas en área de hospitalización (Censables)",513,1941580,0.2642178019963123
18,"Nayarit",14,"Camas en área de hospitalización (Censables)",313,1198804,0.2610935565780561
19,"Nuevo León",14,"Camas en área de hospitalización (Censables)",695,5266220,0.13197321798177822
20,"Oaxaca",14,"Camas en área de hospitalización (Censables)",1270,4067038,0.31226656844612716
21,"Puebla",14,"Camas en área de hospitalización (Censables)",1928,6333894,0.30439410574284953
22,"Querétaro",14,"Camas en área de hospitalización (Censables)",409,2106659,0.19414627616524555
23,"Quintana Roo",14,"Camas en área de hospitalización (Censables)",366,1555088,0.23535645571183111
24,"San Luis Potosí",14,"Camas en área de hospitalización (Censables)",809,2781703,0.29082903530678866
25,"Sinaloa",14,"Camas en área de hospitalización (Censables)",705,3019576,0.23347648808971855
26,"Sonora",14,"Camas en área de hospitalización (Censables)",1128,2899261,0.389064661649986
27,"Tabasco",14,"Camas en área de hospitalización (Censables)",1033,2440488,0.4232760005375974
28,"Tamaulipas",14,"Camas en área de hospitalización (Censables)",1272,3500156,0.3634123736199187
29,"Tlaxcala",14,"Camas en área de hospitalización (Censables)",426,1305544,0.32630076044928397
30,"Veracruz de Ignacio de la Llave",14,"Camas en área de hospitalización (Censables)",2376,8237896,0.2884231604768985
31,"Yucatán",14,"Camas en área de hospitalización (Censables)",777,2154214,0.3606883995740442
32,"Zacatecas",14,"Camas en área de hospitalización (Censables)",516,1613116,0.31987780172039704