"State ID","State","Resources Categories ID","Resources Categories","Total","Population","Per 1000 inhabitants"
1,"Aguascalientes",14,"Camas en área de hospitalización (Censables)",445,1293332,0.34407251966239144
2,"Baja California",14,"Camas en área de hospitalización (Censables)",592,3316849,0.17848265025028273
3,"Baja California Sur",14,"Camas en área de hospitalización (Censables)",270,698209,0.3867036947389679
4,"Campeche",14,"Camas en área de hospitalización (Censables)",617,889136,0.6939320868798473
5,"Coahuila de Zaragoza",14,"Camas en área de hospitalización (Censables)",605,2938067,0.20591770031112294
6,"Colima",14,"Camas en área de hospitalización (Censables)",278,702992,0.3954525798302114
7,"Chiapas",14,"Camas en área de hospitalización (Censables)",1267,5220498,0.24269715264712294
8,"Chihuahua",14,"Camas en área de hospitalización (Censables)",1011,3561862,0.2838403059972565
9,"Ciudad de México",14,"Camas en área de hospitalización (Censables)",6540,9121489,0.7169882022551362
10,"Durango",14,"Camas en área de hospitalización (Censables)",863,1749082,0.4934016815678167
11,"Guanajuato",14,"Camas en área de hospitalización (Censables)",1728,5846464,0.2955632669593108
12,"Guerrero",14,"Camas en área de hospitalización (Censables)",1129,3576309,0.31568860520721226
13,"Hidalgo",14,"Camas en área de hospitalización (Censables)",677,2852032,0.23737461571258667
14,"Jalisco",14,"Camas en área de hospitalización (Censables)",2680,7847959,0.34149006130128867
15,"Estado de México",14,"Camas en área de hospitalización (Censables)",4163,16209259,0.2568285200452408
16,"Michoacán de Ocampo",14,"Camas en área de hospitalización (Censables)",1152,4605304,0.2501463529877723
17,"Morelos",14,"Camas en área de hospitalización (Censables)",476,1895682,0.2510969666853407
18,"Nayarit",14,"Camas en área de hospitalización (Censables)",319,1165666,0.27366329634732417
19,"Nuevo León",14,"Camas en área de hospitalización (Censables)",739,5058154,0.14610073161078133
20,"Oaxaca",14,"Camas en área de hospitalización (Censables)",1246,4005676,0.31105860783548145
21,"Puebla",14,"Camas en área de hospitalización (Censables)",1710,6183078,0.2765612854956706
22,"Querétaro",14,"Camas en área de hospitalización (Censables)",430,2008518,0.21408819836317128
23,"Quintana Roo",14,"Camas en área de hospitalización (Censables)",403,1464964,0.2750920841740821
24,"San Luis Potosí",14,"Camas en área de hospitalización (Censables)",1455,2732108,0.5325558140454184
25,"Sinaloa",14,"Camas en área de hospitalización (Censables)",746,2953698,0.2525647510341274
26,"Sonora",14,"Camas en área de hospitalización (Censables)",1219,2831208,0.43055826346916226
27,"Tabasco",14,"Camas en área de hospitalización (Censables)",1088,2386488,0.45590005061831446
28,"Tamaulipas",14,"Camas en área de hospitalización (Censables)",1373,3439496,0.3991863924249367
29,"Tlaxcala",14,"Camas en área de hospitalización (Censables)",420,1266063,0.33173704626073114
30,"Veracruz de Ignacio de la Llave",14,"Camas en área de hospitalización (Censables)",2363,8105450,0.29153224065289407
31,"Yucatán",14,"Camas en área de hospitalización (Censables)",711,2089484,0.3402753981365734
32,"Zacatecas",14,"Camas en área de hospitalización (Censables)",516,1583078,0.32594730013303197