"State ID","State","Resources Categories ID","Resources Categories","Total","Population","Per 1000 inhabitants"
1,"Aguascalientes",14,"Camas en área de hospitalización (Censables)",392,1413003,0.27742333172682576
2,"Baja California",14,"Camas en área de hospitalización (Censables)",617,3674434,0.16791701796793737
3,"Baja California Sur",14,"Camas en área de hospitalización (Censables)",276,780416,0.3536575364933574
4,"Campeche",14,"Camas en área de hospitalización (Censables)",429,932320,0.46014244036382357
5,"Coahuila de Zaragoza",14,"Camas en área de hospitalización (Censables)",741,3126107,0.23703603235589824
6,"Colima",14,"Camas en área de hospitalización (Censables)",299,736743,0.4058402998060382
7,"Chiapas",14,"Camas en área de hospitalización (Censables)",1306,5582946,0.23392667598791034
8,"Chihuahua",14,"Camas en área de hospitalización (Censables)",1151,3735414,0.3081318429496704
9,"Ciudad de México",14,"Camas en área de hospitalización (Censables)",6221,9296268,0.669193271966772
10,"Durango",14,"Camas en área de hospitalización (Censables)",727,1833514,0.3965063806439438
11,"Guanajuato",14,"Camas en área de hospitalización (Censables)",1859,6156841,0.30194055685375015
12,"Guerrero",14,"Camas en área de hospitalización (Censables)",1276,3611193,0.35334583335756353
13,"Hidalgo",14,"Camas en área de hospitalización (Censables)",743,3053548,0.2433235043300449
14,"Jalisco",14,"Camas en área de hospitalización (Censables)",2755,8325605,0.3309068830433344
15,"Estado de México",14,"Camas en área de hospitalización (Censables)",4096,17005733,0.24085994999451066
16,"Michoacán de Ocampo",14,"Camas en área de hospitalización (Censables)",1269,4769382,0.2660722080974013
17,"Morelos",14,"Camas en área de hospitalización (Censables)",478,1980405,0.2413647713472749
18,"Nayarit",14,"Camas en área de hospitalización (Censables)",306,1230058,0.24876875724559327
19,"Nuevo León",14,"Camas en área de hospitalización (Censables)",682,5657159,0.12055521154699736
20,"Oaxaca",14,"Camas en área de hospitalización (Censables)",1389,4151349,0.33459003326388603
21,"Puebla",14,"Camas en área de hospitalización (Censables)",2009,6558654,0.30631285016712273
22,"Querétaro",14,"Camas en área de hospitalización (Censables)",434,2298993,0.18877830424016082
23,"Quintana Roo",14,"Camas en área de hospitalización (Censables)",484,1767057,0.2739017473686474
24,"San Luis Potosí",14,"Camas en área de hospitalización (Censables)",887,2837201,0.31263206237414976
25,"Sinaloa",14,"Camas en área de hospitalización (Censables)",853,3055044,0.27921038125801134
26,"Sonora",14,"Camas en área de hospitalización (Censables)",1170,2960783,0.39516573825234746
27,"Tabasco",14,"Camas en área de hospitalización (Censables)",1037,2444325,0.42424800302742066
28,"Tamaulipas",14,"Camas en área de hospitalización (Censables)",1323,3556359,0.3720096874359422
29,"Tlaxcala",14,"Camas en área de hospitalización (Censables)",456,1345021,0.3390281638725343
30,"Veracruz de Ignacio de la Llave",14,"Camas en área de hospitalización (Censables)",2308,8203798,0.281333109372025
31,"Yucatán",14,"Camas en área de hospitalización (Censables)",708,2282762,0.31015059826648594
32,"Zacatecas",14,"Camas en área de hospitalización (Censables)",516,1633390,0.3159074072940326