"State ID","State","Resources Categories ID","Resources Categories","Total","Population","Per 1000 inhabitants"
1,"Aguascalientes",14,"Camas en área de hospitalización (Censables)",466,1137704,0.409596872297188
2,"Baja California",14,"Camas en área de hospitalización (Censables)",481,3004841,0.16007502560035622
3,"Baja California Sur",14,"Camas en área de hospitalización (Censables)",207,570116,0.36308400395708945
4,"Campeche",14,"Camas en área de hospitalización (Censables)",348,802962,0.43339535370291493
5,"Coahuila de Zaragoza",14,"Camas en área de hospitalización (Censables)",483,2657245,0.18176720626061957
6,"Colima",14,"Camas en área de hospitalización (Censables)",257,611647,0.4201769975165414
7,"Chiapas",14,"Camas en área de hospitalización (Censables)",1208,4631540,0.2608203750804268
8,"Chihuahua",14,"Camas en área de hospitalización (Censables)",925,3371690,0.27434313356210094
9,"Ciudad de México",14,"Camas en área de hospitalización (Censables)",6488,9011907,0.7199364130144708
10,"Durango",14,"Camas en área de hospitalización (Censables)",652,1605283,0.4061589140357183
11,"Guanajuato",14,"Camas en área de hospitalización (Censables)",1467,5249308,0.27946540763087246
12,"Guerrero",14,"Camas en área de hospitalización (Censables)",979,3324510,0.29447948720262535
13,"Hidalgo",14,"Camas en área de hospitalización (Censables)",647,2531045,0.25562564079263705
14,"Jalisco",14,"Camas en área de hospitalización (Censables)",2706,7154781,0.37820864118692105
15,"Estado de México",14,"Camas en área de hospitalización (Censables)",3527,14835566,0.23773949709771774
16,"Michoacán de Ocampo",14,"Camas en área de hospitalización (Censables)",1054,4231339,0.24909372659576554
17,"Morelos",14,"Camas en área de hospitalización (Censables)",387,1712141,0.2260327858511653
18,"Nayarit",14,"Camas en área de hospitalización (Censables)",293,1027998,0.285020009766556
19,"Nuevo León",14,"Camas en área de hospitalización (Censables)",795,4482940,0.17733897843825705
20,"Oaxaca",14,"Camas en área de hospitalización (Censables)",934,3741849,0.2496092172613058
21,"Puebla",14,"Camas en área de hospitalización (Censables)",1571,5711504,0.2750588986718735
22,"Querétaro",14,"Camas en área de hospitalización (Censables)",384,1727097,0.22233840948134354
23,"Quintana Roo",14,"Camas en área de hospitalización (Censables)",255,1209520,0.21082743567696277
24,"San Luis Potosí",14,"Camas en área de hospitalización (Censables)",647,2549125,0.2538125827489825
25,"Sinaloa",14,"Camas en área de hospitalización (Censables)",626,2738399,0.22860072619074137
26,"Sonora",14,"Camas en área de hospitalización (Censables)",1009,2553416,0.39515691920157153
27,"Tabasco",14,"Camas en área de hospitalización (Censables)",1031,2141902,0.4813478861311115
28,"Tamaulipas",14,"Camas en área de hospitalización (Censables)",1197,3186486,0.37564891231281106
29,"Tlaxcala",14,"Camas en área de hospitalización (Censables)",347,1140157,0.3043440508631706
30,"Veracruz de Ignacio de la Llave",14,"Camas en área de hospitalización (Censables)",2255,7514814,0.30007396057972957
31,"Yucatán",14,"Camas en área de hospitalización (Censables)",519,1913489,0.2712322882441446
32,"Zacatecas",14,"Camas en área de hospitalización (Censables)",435,1456344,0.2986931659003642