"State ID","State","Resources Categories ID","Resources Categories","Total","Population","Per 1000 inhabitants"
1,"Aguascalientes",14,"Camas en área de hospitalización (Censables)",426,1115306,0.3819579559331699
2,"Baja California",14,"Camas en área de hospitalización (Censables)",408,2943650,0.13860343451157575
3,"Baja California Sur",14,"Camas en área de hospitalización (Censables)",218,545300,0.39977993764900055
4,"Campeche",14,"Camas en área de hospitalización (Censables)",357,791621,0.4509733824645885
5,"Coahuila de Zaragoza",14,"Camas en área de hospitalización (Censables)",482,2611380,0.18457673720408366
6,"Colima",14,"Camas en área de hospitalización (Censables)",257,595479,0.43158532878573386
7,"Chiapas",14,"Camas en área de hospitalización (Censables)",1137,4533772,0.25078455643556846
8,"Chihuahua",14,"Camas en área de hospitalización (Censables)",857,3343356,0.25632926915350923
9,"Ciudad de México",14,"Camas en área de hospitalización (Censables)",6817,9001741,0.7572979493633509
10,"Durango",14,"Camas en área de hospitalización (Censables)",633,1583660,0.39970700781733454
11,"Guanajuato",14,"Camas en área de hospitalización (Censables)",1209,5139975,0.23521515182466843
12,"Guerrero",14,"Camas en área de hospitalización (Censables)",919,3277472,0.28039903925952686
13,"Hidalgo",14,"Camas en área de hospitalización (Censables)",653,2471362,0.26422677050144816
14,"Jalisco",14,"Camas en área de hospitalización (Censables)",2616,7041613,0.37150578993761796
15,"Estado de México",14,"Camas en área de hospitalización (Censables)",3847,14610633,0.26330139152766346
16,"Michoacán de Ocampo",14,"Camas en área de hospitalización (Censables)",1017,4162425,0.24432872664372332
17,"Morelos",14,"Camas en área de hospitalización (Censables)",342,1680439,0.20351824731513612
18,"Nayarit",14,"Camas en área de hospitalización (Censables)",293,1003180,0.2920712135409398
19,"Nuevo León",14,"Camas en área de hospitalización (Censables)",647,4399069,0.1470765746115826
20,"Oaxaca",14,"Camas en área de hospitalización (Censables)",981,3693175,0.26562510576942605
21,"Puebla",14,"Camas en área de hospitalización (Censables)",1499,5641184,0.26572435857437016
22,"Querétaro",14,"Camas en área de hospitalización (Censables)",383,1683397,0.2275161474090782
23,"Quintana Roo",14,"Camas en área de hospitalización (Censables)",240,1167197,0.20562081636604618
24,"San Luis Potosí",14,"Camas en área de hospitalización (Censables)",631,2520160,0.2503809281950352
25,"Sinaloa",14,"Camas en área de hospitalización (Censables)",620,2711230,0.2286784964757693
26,"Sonora",14,"Camas en área de hospitalización (Censables)",1011,2505114,0.4035744481089484
27,"Tabasco",14,"Camas en área de hospitalización (Censables)",892,2098221,0.42512204386477875
28,"Tamaulipas",14,"Camas en área de hospitalización (Censables)",1174,3143235,0.3735005495930148
29,"Tlaxcala",14,"Camas en área de hospitalización (Censables)",317,1121917,0.28255209609980064
30,"Veracruz de Ignacio de la Llave",14,"Camas en área de hospitalización (Censables)",2275,7423894,0.3064429529839731
31,"Yucatán",14,"Camas en área de hospitalización (Censables)",515,1890146,0.2724657248699307
32,"Zacatecas",14,"Camas en área de hospitalización (Censables)",332,1435343,0.2313035978159924