"State ID","State","Resources Categories ID","Resources Categories","Total","Population","Per 1000 inhabitants"
1,"Aguascalientes",14,"Camas en área de hospitalización (Censables)",465,1185148,0.3923560601713879
2,"Baja California",14,"Camas en área de hospitalización (Censables)",492,3134914,0.1569421043129094
3,"Baja California Sur",14,"Camas en área de hospitalización (Censables)",237,622177,0.38092054190367053
4,"Campeche",14,"Camas en área de hospitalización (Censables)",384,826542,0.4645861916272857
5,"Coahuila de Zaragoza",14,"Camas en área de hospitalización (Censables)",529,2754694,0.19203584862783307
6,"Colima",14,"Camas en área de hospitalización (Censables)",270,645717,0.41813983525290493
7,"Chiapas",14,"Camas en área de hospitalización (Censables)",1194,4837038,0.24684528010737147
8,"Chihuahua",14,"Camas en área de hospitalización (Censables)",1033,3431265,0.3010551502142796
9,"Ciudad de México",14,"Camas en área de hospitalización (Censables)",6699,9029228,0.7419238942687016
10,"Durango",14,"Camas en área de hospitalización (Censables)",678,1650564,0.4107686827048209
11,"Guanajuato",14,"Camas en área de hospitalización (Censables)",1630,5483751,0.29724179671907053
12,"Guerrero",14,"Camas en área de hospitalización (Censables)",991,3425068,0.28933732118603195
13,"Hidalgo",14,"Camas en área de hospitalización (Censables)",726,2657268,0.2732129390035179
14,"Jalisco",14,"Camas en área de hospitalización (Censables)",2639,7397049,0.3567638932769
15,"Estado de México",14,"Camas en área de hospitalización (Censables)",3657,15302954,0.23897346878256315
16,"Michoacán de Ocampo",14,"Camas en área de hospitalización (Censables)",1203,4379564,0.27468487730742147
17,"Morelos",14,"Camas en área de hospitalización (Censables)",386,1778809,0.2169991269439271
18,"Nayarit",14,"Camas en área de hospitalización (Censables)",305,1080077,0.28238727424063287
19,"Nuevo León",14,"Camas en área de hospitalización (Censables)",726,4660113,0.15579021367078438
20,"Oaxaca",14,"Camas en área de hospitalización (Censables)",1025,3844376,0.2666232439282734
21,"Puebla",14,"Camas en área de hospitalización (Censables)",1713,5858990,0.2923712107376869
22,"Querétaro",14,"Camas en área de hospitalización (Censables)",384,1819485,0.2110487308221832
23,"Quintana Roo",14,"Camas en área de hospitalización (Censables)",334,1299264,0.25706861730949215
24,"San Luis Potosí",14,"Camas en área de hospitalización (Censables)",671,2610684,0.2570207654392489
25,"Sinaloa",14,"Camas en área de hospitalización (Censables)",710,2795841,0.2539486329873551
26,"Sonora",14,"Camas en área de hospitalización (Censables)",1173,2655268,0.441763317299798
27,"Tabasco",14,"Camas en área de hospitalización (Censables)",1073,2233846,0.48033749864583325
28,"Tamaulipas",14,"Camas en área de hospitalización (Censables)",1348,3277533,0.4112849512117803
29,"Tlaxcala",14,"Camas en área de hospitalización (Censables)",362,1178644,0.30713260322879515
30,"Veracruz de Ignacio de la Llave",14,"Camas en área de hospitalización (Censables)",2341,7708162,0.3037040477353745
31,"Yucatán",14,"Camas en área de hospitalización (Censables)",723,1964816,0.36797338783886124
32,"Zacatecas",14,"Camas en área de hospitalización (Censables)",456,1501369,0.3037228023224137