"State ID","State","Resources Categories ID","Resources Categories","Total","Population","Per 1000 inhabitants"
1,"Aguascalientes",14,"Camas en área de hospitalización (Censables)",388,1017397,0.38136538637326434
2,"Baja California",14,"Camas en área de hospitalización (Censables)",362,2647676,0.1367236776705307
3,"Baja California Sur",14,"Camas en área de hospitalización (Censables)",225,469791,0.47893637809153433
4,"Campeche",14,"Camas en área de hospitalización (Censables)",349,733163,0.4760196572931258
5,"Coahuila de Zaragoza",14,"Camas en área de hospitalización (Censables)",473,2433494,0.19437072785057205
6,"Colima",14,"Camas en área de hospitalización (Censables)",249,559938,0.444692090910065
7,"Chiapas",14,"Camas en área de hospitalización (Censables)",790,4171911,0.18936166183794428
8,"Chihuahua",14,"Camas en área de hospitalización (Censables)",930,3178885,0.29255540857879414
9,"Ciudad de México",14,"Camas en área de hospitalización (Censables)",6637,8819709,0.7525191590788313
10,"Durango",14,"Camas en área de hospitalización (Censables)",530,1512519,0.35040882131067447
11,"Guanajuato",14,"Camas en área de hospitalización (Censables)",1057,4880536,0.21657457295674082
12,"Guerrero",14,"Camas en área de hospitalización (Censables)",845,3185825,0.2652374188789403
13,"Hidalgo",14,"Camas en área de hospitalización (Censables)",611,2343675,0.2607016757869585
14,"Jalisco",14,"Camas en área de hospitalización (Censables)",2640,6655208,0.3966818167065552
15,"Estado de México",14,"Camas en área de hospitalización (Censables)",3978,13750201,0.28930486179802023
16,"Michoacán de Ocampo",14,"Camas en área de hospitalización (Censables)",1001,4089365,0.24478128022321313
17,"Morelos",14,"Camas en área de hospitalización (Censables)",340,1605470,0.21177599083134535
18,"Nayarit",14,"Camas en área de hospitalización (Censables)",280,955503,0.29303937297946736
19,"Nuevo León",14,"Camas en área de hospitalización (Censables)",625,4072154,0.15348142530955364
20,"Oaxaca",14,"Camas en área de hospitalización (Censables)",868,3578713,0.24254529491468024
21,"Puebla",14,"Camas en área de hospitalización (Censables)",1316,5353996,0.24579771819030125
22,"Querétaro",14,"Camas en área de hospitalización (Censables)",387,1521700,0.254320825392653
23,"Quintana Roo",14,"Camas en área de hospitalización (Censables)",253,987376,0.2562347069404158
24,"San Luis Potosí",14,"Camas en área de hospitalización (Censables)",621,2409515,0.2577282150142248
25,"Sinaloa",14,"Camas en área de hospitalización (Censables)",556,2623034,0.2119682779559853
26,"Sonora",14,"Camas en área de hospitalización (Censables)",1017,2340664,0.4344920928420311
27,"Tabasco",14,"Camas en área de hospitalización (Censables)",902,1984067,0.4546217441245684
28,"Tamaulipas",14,"Camas en área de hospitalización (Censables)",1097,2920972,0.37555991635661007
29,"Tlaxcala",14,"Camas en área de hospitalización (Censables)",279,1036757,0.2691083831601812
30,"Veracruz de Ignacio de la Llave",14,"Camas en área de hospitalización (Censables)",1791,7165167,0.24995928217723326
31,"Yucatán",14,"Camas en área de hospitalización (Censables)",508,1765258,0.28777663095139633
32,"Zacatecas",14,"Camas en área de hospitalización (Censables)",312,1397635,0.2232342492854