"State ID","State","Resources Categories ID","Resources Categories","Total","Population","Per 1000 inhabitants"
1,"Aguascalientes",14,"Camas en área de hospitalización (Censables)",411,1456050,0.28227052642422995
2,"Baja California",14,"Camas en área de hospitalización (Censables)",765,3838619,0.1992904218939155
3,"Baja California Sur",14,"Camas en área de hospitalización (Censables)",310,815098,0.3803223661449298
4,"Campeche",14,"Camas en área de hospitalización (Censables)",473,939179,0.5036313631373786
5,"Coahuila de Zaragoza",14,"Camas en área de hospitalización (Censables)",795,3197122,0.2486611396124389
6,"Colima",14,"Camas en área de hospitalización (Censables)",315,745122,0.4227495631587847
7,"Chiapas",14,"Camas en área de hospitalización (Censables)",1585,5715260,0.277327715624486
8,"Chihuahua",14,"Camas en área de hospitalización (Censables)",1130,3812627,0.29638356964895857
9,"Ciudad de México",14,"Camas en área de hospitalización (Censables)",6828,9332593,0.7316294624655763
10,"Durango",14,"Camas en área de hospitalización (Censables)",749,1858155,0.4030880093426006
11,"Guanajuato",14,"Camas en área de hospitalización (Censables)",1987,6265796,0.3171185273187956
12,"Guerrero",14,"Camas en área de hospitalización (Censables)",1153,3599955,0.32028178130004403
13,"Hidalgo",14,"Camas en área de hospitalización (Censables)",891,3130166,0.2846494403172228
14,"Jalisco",14,"Camas en área de hospitalización (Censables)",3047,8507662,0.35814774964026547
15,"Estado de México",14,"Camas en área de hospitalización (Censables)",4087,17236788,0.2371091412158692
16,"Michoacán de Ocampo",14,"Camas en área de hospitalización (Censables)",1317,4830267,0.27265573517985653
17,"Morelos",14,"Camas en área de hospitalización (Censables)",491,2002754,0.2451624113595579
18,"Nayarit",14,"Camas en área de hospitalización (Censables)",325,1252690,0.25944168150140895
19,"Nuevo León",14,"Camas en área de hospitalización (Censables)",735,5905971,0.1244503232406661
20,"Oaxaca",14,"Camas en área de hospitalización (Censables)",1345,4204445,0.3198995348969959
21,"Puebla",14,"Camas en área de hospitalización (Censables)",1983,6705217,0.2957398694180964
22,"Querétaro",14,"Camas en área de hospitalización (Censables)",460,2419819,0.19009686261658412
23,"Quintana Roo",14,"Camas en área de hospitalización (Censables)",608,1898241,0.32029652715329615
24,"San Luis Potosí",14,"Camas en área de hospitalización (Censables)",1077,2871697,0.37503956719667847
25,"Sinaloa",14,"Camas en área de hospitalización (Censables)",1000,3079773,0.32469925543213735
26,"Sonora",14,"Camas en área de hospitalización (Censables)",1043,3002286,0.34740194638352245
27,"Tabasco",14,"Camas en área de hospitalización (Censables)",1134,2440449,0.46466859172226094
28,"Tamaulipas",14,"Camas en área de hospitalización (Censables)",1643,3595971,0.4569002364034637
29,"Tlaxcala",14,"Camas en área de hospitalización (Censables)",444,1369950,0.3240994196868499
30,"Veracruz de Ignacio de la Llave",14,"Camas en área de hospitalización (Censables)",2466,8169287,0.30186232898905374
31,"Yucatán",14,"Camas en área de hospitalización (Censables)",1070,2363123,0.45279065033855626
32,"Zacatecas",14,"Camas en área de hospitalización (Censables)",519,1647038,0.3151111267621026