"State ID","State","Resources Categories ID","Resources Categories","Total","Population","Per 1000 inhabitants"
1,"Aguascalientes",14,"Camas en área de hospitalización (Censables)",465,1210556,0.3841210154672729
2,"Baja California",14,"Camas en área de hospitalización (Censables)",492,3194264,0.15402609176949683
3,"Baja California Sur",14,"Camas en área de hospitalización (Censables)",257,646019,0.39782111671638143
4,"Campeche",14,"Camas en área de hospitalización (Censables)",661,839767,0.7871230948584548
5,"Coahuila de Zaragoza",14,"Camas en área de hospitalización (Censables)",652,2803245,0.23258759045320693
6,"Colima",14,"Camas en área de hospitalización (Censables)",270,662102,0.4077921528707057
7,"Chiapas",14,"Camas en área de hospitalización (Censables)",1376,4939084,0.27859416847334445
8,"Chihuahua",14,"Camas en área de hospitalización (Censables)",968,3461968,0.27960974798149496
9,"Ciudad de México",14,"Camas en área de hospitalización (Censables)",6737,9044151,0.7449013179899362
10,"Durango",14,"Camas en área de hospitalización (Censables)",708,1674025,0.4229327519003599
11,"Guanajuato",14,"Camas en área de hospitalización (Censables)",1632,5594014,0.291740421100126
12,"Guerrero",14,"Camas en área de hospitalización (Censables)",992,3471744,0.2857353537588025
13,"Hidalgo",14,"Camas en área de hospitalización (Censables)",713,2716134,0.26250545812540915
14,"Jalisco",14,"Camas en área de hospitalización (Censables)",2627,7517154,0.3494673649096453
15,"Estado de México",14,"Camas en área de hospitalización (Censables)",3862,15529760,0.2486838173931857
16,"Michoacán de Ocampo",14,"Camas en área de hospitalización (Censables)",1173,4448775,0.2636680884063591
17,"Morelos",14,"Camas en área de hospitalización (Censables)",431,1810968,0.2379942660499799
18,"Nayarit",14,"Camas en área de hospitalización (Censables)",305,1104566,0.27612655106168393
19,"Nuevo León",14,"Camas en área de hospitalización (Censables)",726,4753609,0.15272606560615312
20,"Oaxaca",14,"Camas en área de hospitalización (Censables)",1145,3892000,0.29419321685508737
21,"Puebla",14,"Camas en área de hospitalización (Censables)",1665,5935838,0.2804995688898518
22,"Querétaro",14,"Camas en área de hospitalización (Censables)",403,1866962,0.21585870521199682
23,"Quintana Roo",14,"Camas en área de hospitalización (Censables)",331,1343587,0.24635546488615923
24,"San Luis Potosí",14,"Camas en área de hospitalización (Censables)",784,2641607,0.2967890378848936
25,"Sinaloa",14,"Camas en área de hospitalización (Censables)",722,2828513,0.25525779800198906
26,"Sonora",14,"Camas en área de hospitalización (Censables)",1267,2704187,0.46853268653388247
27,"Tabasco",14,"Camas en área de hospitalización (Censables)",1131,2277499,0.4965973640383597
28,"Tamaulipas",14,"Camas en área de hospitalización (Censables)",1373,3321762,0.41333485060037417
29,"Tlaxcala",14,"Camas en área de hospitalización (Censables)",392,1198840,0.3269827499916586
30,"Veracruz de Ignacio de la Llave",14,"Camas en área de hospitalización (Censables)",2343,7806880,0.30011989424712565
31,"Yucatán",14,"Camas en área de hospitalización (Censables)",723,1993112,0.36274930861888344
32,"Zacatecas",14,"Camas en área de hospitalización (Censables)",525,1523367,0.34463133309307603